MATERIAL_ID,UOM_B,UOM_P,Price,UOM_I
100-A1-01-00,EA,,,EA
100-A1-02-00,EA,,,EA
100-A1-03-00,EA,,,EA
100-A1-04-00,EA,,,EA
100-A1-05-00,EA,,,EA
100-A1-06-00,EA,,,EA
100-A1-07-00,EA,,,EA
100-A1-08-00,EA,,,EA
100-A1-09-00,EA,,,EA
100-A1-10-00,EA,,,EA
100-A1-01-01,EA,,,EA
100-A1-02-01,EA,,,EA
100-A1-03-01,EA,,,EA
100-A1-04-01,EA,,,EA
100-A1-05-01,EA,,,EA
100-A1-06-01,EA,,,EA
100-A1-07-01,EA,,,EA
100-A1-08-01,EA,,,EA
100-A1-09-01,EA,,,EA
100-A1-10-01,EA,,,EA
100-A1-01-02,EA,,,EA
100-A1-02-02,EA,,,EA
100-A1-03-02,EA,,,EA
100-A1-04-02,EA,,,EA
100-A1-05-02,EA,,,EA
100-A1-06-02,EA,,,EA
100-A1-07-02,EA,,,EA
100-A1-08-02,EA,,,EA
100-A1-09-02,EA,,,EA
100-A1-10-02,EA,,,EA
100-A3-01-00,EA,,,EA
100-A3-02-00,EA,,,EA
100-A3-03-00,EA,,,EA
100-A3-04-00,EA,,,EA
100-A3-05-00,EA,,,EA
100-A3-06-00,EA,,,EA
100-A3-07-00,EA,,,EA
100-A3-08-00,EA,,,EA
100-A3-01-01,EA,,,EA
100-A3-02-01,EA,,,EA
100-A3-03-01,EA,,,EA
100-A3-04-01,EA,,,EA
100-A3-05-01,EA,,,EA
100-A3-06-01,EA,,,EA
100-A3-07-01,EA,,,EA
100-A3-08-01,EA,,,EA
100-A3-01-02,EA,,,EA
100-A3-02-02,EA,,,EA
100-A3-03-02,EA,,,EA
100-A3-04-02,EA,,,EA
100-A3-05-02,EA,,,EA
100-A3-06-02,EA,,,EA
100-A3-07-02,EA,,,EA
100-A3-08-02,EA,,,EA
403-LL-00_GAR-EX-01,EA,,,EA
403-LL-00_GAR-EX-02,EA,,,EA
403-LL-00_GAR-EX-03,EA,,,EA
403-LL-00_GAR-NLB-01,EA,,,EA
403-LL-00_GAR-NLB-02,EA,,,EA
403-LL-00_GAR-NLB-03,EA,,,EA
403-LL-00_GF-EXT-01 GABLE,EA,,,EA
403-LL-00_GF-EXT-02 PARTY,EA,,,EA
403-LL-00_GF-EXT-03 PARTY,EA,,,EA
403-LL-00_GF-EXT-04 FRONT,EA,,,EA
403-LL-00_GF-EXT-05A BACK,EA,,,EA
403-LL-00_GF-EXT-05B BACK,EA,,,EA
403-LL-00_GF-EXT-06 GARAGE,EA,,,EA
403-LL-00_GF-EXT-07 GARAGE,EA,,,EA
403-LL-00_GF-NLB-01,EA,,,EA
403-LL-00_GF-RACK-01,EA,,,EA
403-LL-00_GAR-LOOSE,EA,,,EA
403-LL-00_GF-FLOOR,EA,,,EA
403-LL-00_COVER,EA,,,EA
403-LL-00_GAR-CEILING,EA,,,EA
403-LL-00_GF-CEILING,EA,,,EA
403-LL-01_FF-EXT-01 GABLE,EA,,,EA
403-LL-01_FF-EXT-02 PARTY,EA,,,EA
403-LL-01_FF-EXT-03 FRONT,EA,,,EA
403-LL-01_FF-EXT-04 BACK,EA,,,EA
403-LL-01_FF-NLB-01,EA,,,EA
403-LL-01_FF-NLB-02,EA,,,EA
403-LL-01_FF-NLB-03,EA,,,EA
403-LL-01_FF-NLB-04,EA,,,EA
403-LL-01_FF-NLB-05,EA,,,EA
403-LL-01_FF-RACK-01,EA,,,EA
403-LL-01_FF-RACK-02,EA,,,EA
403-LL-01_FF-FLOOR,EA,,,EA
403-LL-01_FF-CEILING,EA,,,EA
403-LL-02_SF-EXT-01 GABLE,EA,,,EA
403-LL-02_SF-EXT-02 PARTY,EA,,,EA
403-LL-02_SF-NLB-01,EA,,,EA
403-LL-02_SF-NLB-02,EA,,,EA
403-LL-02_SF-NLB-03,EA,,,EA
403-LL-02_SF-NLB-04,EA,,,EA
403-LL-02_SF-NLB-05,EA,,,EA
403-LL-02_SF-NLB-06,EA,,,EA
403-LL-02_SF-NLB-07,EA,,,EA
403-LL-02_SF-NLB-08,EA,,,EA
403-LL-02_SF-NLB-09,EA,,,EA
403-LL-02_SF-NLB-10,EA,,,EA
403-LL-02_SF-RACK-01,EA,,,EA
403-LL-02_SF-RACK-02,EA,,,EA
403-LL-02_SF-RACK-03,EA,,,EA
403-LL-02_SF-RACK-04,EA,,,EA
403-LL-02_SF-ROOF-01,EA,,,EA
403-LL-02_SF-ROOF-02,EA,,,EA
403-LL-02_SF-ROOF-03,EA,,,EA
403-LL-02_SF-FLOOR,EA,,,EA
403-LM-00_GAR-EX-01,EA,,,EA
403-LM-00_GAR-EX-02,EA,,,EA
403-LM-00_GAR-EX-03,EA,,,EA
403-LM-00_GAR-NLB-01,EA,,,EA
403-LM-00_GAR-NLB-02,EA,,,EA
403-LM-00_GAR-NLB-03,EA,,,EA
403-LM-00_GF-EXT-01 PARTY,EA,,,EA
403-LM-00_GF-EXT-02 PARTY,EA,,,EA
403-LM-00_GF-EXT-03 PARTY,EA,,,EA
403-LM-00_GF-EXT-04 FRONT,EA,,,EA
403-LM-00_GF-EXT-05A BACK,EA,,,EA
403-LM-00_GF-EXT-05B BACK,EA,,,EA
403-LM-00_GF-EXT-06 GARAGE,EA,,,EA
403-LM-00_GF-EXT-07 GARAGE,EA,,,EA
403-LM-00_GF-NLB-01,EA,,,EA
403-LM-00_GF-RACK-01,EA,,,EA
403-LM-00_GAR-LOOSE,EA,,,EA
403-LM-00_GF-FLOOR,EA,,,EA
403-LM-00_COVER,EA,,,EA
403-LM-00_GAR-CEILING,EA,,,EA
403-LM-00_GF-CEILING,EA,,,EA
403-LM-01_FF-EXT-01 PARTY,EA,,,EA
403-LM-01_FF-EXT-02 PARTY,EA,,,EA
403-LM-01_FF-EXT-03 FRONT,EA,,,EA
403-LM-01_FF-EXT-04 BACK,EA,,,EA
403-LM-01_FF-NLB-01,EA,,,EA
403-LM-01_FF-NLB-02,EA,,,EA
403-LM-01_FF-NLB-03,EA,,,EA
403-LM-01_FF-NLB-04,EA,,,EA
403-LM-01_FF-NLB-05,EA,,,EA
403-LM-01_FF-RACK-01,EA,,,EA
403-LM-01_FF-RACK-02,EA,,,EA
403-LM-01_FF-FLOOR,EA,,,EA
403-LM-01_FF-CEILING,EA,,,EA
403-LR-00_GAR-EX-01,EA,,,EA
403-LR-00_GAR-EX-02,EA,,,EA
403-LR-00_GAR-EX-03,EA,,,EA
403-LR-00_GAR-NLB-01,EA,,,EA
403-LR-00_GAR-NLB-02,EA,,,EA
403-LR-00_GAR-NLB-03,EA,,,EA
403-LR-00_GF-EXT-01 PARTY,EA,,,EA
403-LR-00_GF-EXT-02 GABLE,EA,,,EA
403-LR-00_GF-EXT-03 GABLE,EA,,,EA
403-LR-00_GF-EXT-04 FRONT,EA,,,EA
403-LR-00_GF-EXT-05A BACK,EA,,,EA
403-LR-00_GF-EXT-05B BACK,EA,,,EA
403-LR-00_GF-EXT-06 GARAGE,EA,,,EA
403-LR-00_GF-EXT-07 GARAGE,EA,,,EA
403-LR-00_GF-NLB-01,EA,,,EA
403-LR-00_GF-RACK-01,EA,,,EA
403-LR-00_GAR-LOOSE,EA,,,EA
403-LR-00_GF-FLOOR,EA,,,EA
403-LR-00_COVER,EA,,,EA
403-LR-00_GAR-CEILING,EA,,,EA
403-LR-00_GF-CEILING,EA,,,EA
403-LR-01_FF-EXT-01 PARTY,EA,,,EA
403-LR-01_FF-EXT-02 GABLE,EA,,,EA
403-LR-01_FF-EXT-03 FRONT,EA,,,EA
403-LR-01_FF-EXT-04 BACK,EA,,,EA
403-LR-01_FF-NLB-01,EA,,,EA
403-LR-01_FF-NLB-02,EA,,,EA
403-LR-01_FF-NLB-03,EA,,,EA
403-LR-01_FF-NLB-04,EA,,,EA
403-LR-01_FF-NLB-05,EA,,,EA
403-LR-01_FF-RACK-01,EA,,,EA
403-LR-01_FF-RACK-02,EA,,,EA
403-LR-01_FF-FLOOR,EA,,,EA
403-LR-01_FF-CEILING,EA,,,EA
403-RM-00_GAR-EX-01,EA,,,EA
403-RM-00_GAR-EX-02,EA,,,EA
403-RM-00_GAR-EX-03,EA,,,EA
403-RM-00_GAR-NLB-01,EA,,,EA
403-RM-00_GAR-NLB-02,EA,,,EA
403-RM-00_GAR-NLB-03,EA,,,EA
403-RM-00_GF-EXT-01 PARTY,EA,,,EA
403-RM-00_GF-EXT-02 PARTY,EA,,,EA
403-RM-00_GF-EXT-03 PARTY,EA,,,EA
403-RM-00_GF-EXT-04 FRONT,EA,,,EA
403-RM-00_GF-EXT-05A BACK,EA,,,EA
403-RM-00_GF-EXT-05B BACK,EA,,,EA
403-RM-00_GF-EXT-06 GARAGE,EA,,,EA
403-RM-00_GF-EXT-07 GARAGE,EA,,,EA
403-RM-00_GF-NLB-01,EA,,,EA
403-RM-00_GF-RACK-01,EA,,,EA
403-RM-00_GAR-LOOSE,EA,,,EA
403-RM-00_GF-FLOOR,EA,,,EA
403-RM-00_COVER,EA,,,EA
403-RM-00_GAR-CEILING,EA,,,EA
403-RM-00_GF-CEILING,EA,,,EA
403-RM-01_FF-EXT-01 PARTY,EA,,,EA
403-RM-01_FF-EXT-02 PARTY,EA,,,EA
403-RM-01_FF-EXT-03 FRONT,EA,,,EA
403-RM-01_FF-EXT-04 BACK,EA,,,EA
403-RM-01_FF-NLB-01,EA,,,EA
403-RM-01_FF-NLB-02,EA,,,EA
403-RM-01_FF-NLB-03,EA,,,EA
403-RM-01_FF-NLB-04,EA,,,EA
403-RM-01_FF-NLB-05,EA,,,EA
403-RM-01_FF-RACK-01,EA,,,EA
403-RM-01_FF-RACK-02,EA,,,EA
403-RM-01_FF-FLOOR,EA,,,EA
403-RM-01_FF-CEILING,EA,,,EA
403-LL-00,EA,,,EA
403-RM-00,EA,,,EA
403-LM-00,EA,,,EA
403-LR-00,EA,,,EA
403-LL-01,EA,,,EA
403-RM-01,EA,,,EA
403-LM-01,EA,,,EA
403-LR-01,EA,,,EA
403-LL-02,EA,,,EA
403-RM-02,EA,,,EA
403-LM-02,EA,,,EA
403-LR-02,EA,,,EA
402-RR-00,EA,,,EA
402-LM-00,EA,,,EA
501-RM-00,EA,,,EA
501-LL-00,EA,,,EA
501-RR-00,EA,,,EA
501-LM-00,EA,,,EA
402-RM-00,EA,,,EA
402-LL-00,EA,,,EA
402-RR-01,EA,,,EA
402-LM-01,EA,,,EA
501-RM-01,EA,,,EA
501-LL-01,EA,,,EA
501-RR-01,EA,,,EA
501-LM-01,EA,,,EA
402-RM-01,EA,,,EA
402-LL-01,EA,,,EA
402-RR-02,EA,,,EA
402-LM-02,EA,,,EA
501-RM-02,EA,,,EA
501-LL-02,EA,,,EA
501-RR-02,EA,,,EA
501-LM-02,EA,,,EA
402-RM-02,EA,,,EA
402-LL-02,EA,,,EA
100-A1-01-00-SKT,EA,,,EA
100-A1-01-01-SKT,EA,,,EA
100-A1-01-02-SKT,EA,,,EA
100-A1-02-00-SKT,EA,,,EA
100-A1-02-01-SKT,EA,,,EA
100-A1-02-02-SKT,EA,,,EA
100-A1-03-00-SKT,EA,,,EA
100-A1-03-01-SKT,EA,,,EA
100-A1-03-02-SKT,EA,,,EA
100-A1-04-00-SKT,EA,,,EA
100-A1-04-01-SKT,EA,,,EA
100-A1-04-02-SKT,EA,,,EA
100-A1-05-00-SKT,EA,,,EA
100-A1-05-01-SKT,EA,,,EA
100-A1-05-02-SKT,EA,,,EA
100-A1-06-00-SKT,EA,,,EA
100-A1-06-01-SKT,EA,,,EA
100-A1-06-02-SKT,EA,,,EA
100-A1-07-00-SKT,EA,,,EA
100-A1-07-01-SKT,EA,,,EA
100-A1-07-02-SKT,EA,,,EA
100-A1-08-00-SKT,EA,,,EA
100-A1-08-01-SKT,EA,,,EA
100-A1-08-02-SKT,EA,,,EA
100-A1-09-00-SKT,EA,,,EA
100-A1-09-01-SKT,EA,,,EA
100-A1-09-02-SKT,EA,,,EA
100-A1-10-00-SKT,EA,,,EA
100-A1-10-01-SKT,EA,,,EA
100-A1-10-02-SKT,EA,,,EA
100-A3-01-00-SKT,EA,,,EA
100-A3-01-01-SKT,EA,,,EA
100-A3-01-02-SKT,EA,,,EA
100-A3-02-00-SKT,EA,,,EA
100-A3-02-01-SKT,EA,,,EA
100-A3-02-02-SKT,EA,,,EA
BRK-0002,EA,,22.35,EA
BRK-0003,EA,,3.40,EA
BRK-0004,EA,,5.10,EA
BRK-0005,EA,,10.20,EA
BRK-0006,EA,,13.59,EA
BRK-0007,EA,,16.99,EA
BRK-0008,EA,,20.39,EA
BRK-0009,EA,,20.99,EA
BRK-0010,EA,,6.09,EA
BRK-0011,EA,,6.09,EA
BRK-0012,EA,,3.62,EA
BRK-0013,EA,,5.32,EA
BRK-0014,EA,,7.02,EA
BRK-0015,EA,,7.00,EA
BRK-0016,EA,,3.34,EA
BRK-0017,EA,,4.74,EA
BRK-0018,EA,,5.04,EA
BRK-0019,EA,,6.73,EA
BRK-0020,EA,,8.43,EA
BRK-0021,EA,,3.33,EA
BRK-0022,EA,,5.03,EA
BRK-0023,EA,,6.73,EA
BRK-0024,EA,,8.43,EA
BRK-0028,EA,,1.63,EA
BRK-0029,EA,,1.92,EA
BRK-0030,EA,,8.50,EA
BRK-0031,EA,,6.44,EA
BRK-0032,EA,,1.63,EA
BRK-0033,EA,,1.92,EA
BRK-0034,EA,,3.62,EA
BRK-0035,EA,,5.32,EA
BRK-0036,EA,,7.02,EA
BRK-0037,EA,,7.00,EA
BRK-0038,EA,,3.34,EA
BRK-0039,EA,,4.74,EA
BRK-0040,EA,,5.04,EA
BRK-0041,EA,,6.44,EA
BRK-0042,EA,,6.73,EA
BRK-0043,EA,,8.43,EA
BRK-0044,EA,,3.33,EA
BRK-0045,EA,,5.03,EA
BRK-0046,EA,,6.73,EA
BRK-0047,EA,,8.43,EA
BRK-0048,EA,,6.09,EA
BRK-0049,EA,,6.09,EA
BRK-0050,EA,,3.40,EA
BRK-0051,EA,,5.10,EA
BRK-0052,EA,,8.50,EA
BRK-0053,EA,,10.20,EA
BRK-0054,EA,,13.59,EA
BRK-0055,EA,,16.99,EA
BRK-0056,EA,,20.39,EA
BRK-0057,EA,,20.99,EA
BRK-0058,EA,,22.35,EA
SUR-0001,EA,,129.40,EA
SUR-0002,EA,,174.00,EA
SUR-0003,EA,,166.25,EA
SUR-0004,EA,,148.90,EA
SUR-0005,EA,,148.65,EA
SUR-0006,EA,,148.65,EA
SUR-0007,EA,,338.30,EA
SUR-0009,EA,,130.50,EA
SUR-0010,EA,,195.00,EA
SUR-0011,EA,,137.50,EA
SUR-0012,EA,,181.50,EA
SUR-0013,EA,,194.50,EA
SUR-0015,EA,,225.95,EA
SUR-0016,EA,,225.95,EA
SUR-0017,EA,,470.00,EA
SUR-0018,EA,,282.90,EA
SUR-0059,EA,,349.20,EA
SUR-0060,EA,,185.20,EA
SUR-0061,EA,,241.90,EA
SUR-0062,EA,,254.00,EA
SUR-0063,EA,,219.00,EA
100-A3-03-00-SKT,EA,,,EA
100-A3-03-01-SKT,EA,,,EA
100-A3-03-02-SKT,EA,,,EA
100-A3-04-00-SKT,EA,,,EA
100-A3-04-01-SKT,EA,,,EA
100-A3-04-02-SKT,EA,,,EA
100-A3-05-00-SKT,EA,,,EA
100-A3-05-01-SKT,EA,,,EA
100-A3-05-02-SKT,EA,,,EA
100-A3-06-00-SKT,EA,,,EA
100-A3-06-01-SKT,EA,,,EA
100-A3-06-02-SKT,EA,,,EA
100-A3-07-00-SKT,EA,,,EA
100-A3-07-01-SKT,EA,,,EA
100-A3-07-02-SKT,EA,,,EA
100-A3-08-00-SKT,EA,,,EA
100-A3-08-01-SKT,EA,,,EA
100-A3-08-02-SKT,EA,,,EA
402-LL-00-SKT,EA,,,EA
402-LL-01-SKT,EA,,,EA
402-LL-02-SKT,EA,,,EA
402-LM-00-SKT,EA,,,EA
402-LM-01-SKT,EA,,,EA
402-LM-02-SKT,EA,,,EA
402-RM-00-SKT,EA,,,EA
402-RM-01-SKT,EA,,,EA
402-RM-02-SKT,EA,,,EA
402-RR-00-SKT,EA,,,EA
402-RR-01-SKT,EA,,,EA
402-RR-02-SKT,EA,,,EA
403-LL-00-SKT,EA,,,EA
403-LL-01-SKT,EA,,,EA
403-LL-02-SKT,EA,,,EA
403-LM-00-SKT,EA,,,EA
403-LM-01-SKT,EA,,,EA
403-LM-02-SKT,EA,,,EA
403-LR-00-SKT,EA,,,EA
403-LR-01-SKT,EA,,,EA
403-LR-02-SKT,EA,,,EA
403-RM-00-SKT,EA,,,EA
403-RM-01-SKT,EA,,,EA
403-RM-02-SKT,EA,,,EA
501-LL-00-SKT,EA,,,EA
501-LL-01-SKT,EA,,,EA
501-LL-02-SKT,EA,,,EA
501-LM-00-SKT,EA,,,EA
501-LM-01-SKT,EA,,,EA
501-LM-02-SKT,EA,,,EA
501-RM-00-SKT,EA,,,EA
501-RM-01-SKT,EA,,,EA
501-RM-02-SKT,EA,,,EA
501-RR-00-SKT,EA,,,EA
501-RR-01-SKT,EA,,,EA
501-RR-02-SKT,EA,,,EA
ADH-0001,DR,,392.50,DR
ADH-0013,EA,,4.10,EA
ADH-0020,EA,BOX,5.59,EA
ADH-0022,EA,BOX,4.85,EA
ADH-0024,EA,BOX,3.85,EA
ADH-0025,EA,BOX,4.85,EA
ADH-0026,EA,BOX,18.04,EA
ADH-0027,EA,BOX,4.98,EA
ADH-0028,EA,BOX,5.81,EA
ADH-0029,EA,BOX,5.12,EA
ADH-0031,EA,BOX,1.58,EA
ADH-0032,EA,,348.48,EA
ADH-0033,EA,BOX,4.39,EA
ADH-0034,EA,,4.38,EA
ADH-0037,EA,BOX,12.30,EA
ADH-0038,EA,BOX,44.91,EA
ADH-0039,EA,BOX,5.73,EA
ADH-0040,EA,BOX,11.38,EA
ADH-0041,EA,BOX,3.35,EA
ADH-0042,EA,BOX,14.52,EA
ADH-0043,EA,BOX,2.70,EA
AIR-0001,EA,,760.67,EA
AIR-0002,EA,,760.67,EA
AIR-0003,EA,,29.18,EA
AIR-0004,EA,,9.32,EA
AIR-0012,EA,,54.55,EA
AIR-0013,EA,,88.00,EA
AIR-0014,EA,,12.15,EA
AIR-0015,EA,,0.39,EA
AIR-0016,M,EA,1.73,M
AIR-0017,EA,,1.20,EA
AIR-0018,EA,,12.47,EA
AIR-0019,EA,,2.15,EA
AIR-0020,EA,,0.92,EA
AIR-0021,EA,,0.74,EA
AIR-0026,EA,,2.43,EA
AIR-0027,EA,,0.88,EA
AIR-0028,EA,,11.16,EA
AIR-0029,EA,,2.31,EA
AIR-0030,EA,,7.48,EA
AIR-0031,EA,,17.29,EA
AIR-0032,EA,,18.43,EA
AIR-0033,EA,,4.23,EA
AIR-0034,EA,,2.15,EA
AIR-0035,EA,,2.00,EA
AIR-0036,EA,,2.15,EA
AIR-0037,EA,,61.20,EA
AIR-0038,EA,,14.79,EA
AIR-0039,EA,,11.65,EA
AIR-0040,EA,,13.20,EA
AIR-0041,EA,,0.46,EA
AIR-0042,EA,,12.72,EA
AIR-0043,EA,,17.04,EA
AIR-0044,EA,,54.00,EA
AIR-0045,EA,,15.08,EA
AIR-0046,EA,,59.90,EA
AIR-0047,EA,,14.51,EA
AIR-0048,EA,,1.12,EA
AIR-0049,EA,,3.85,EA
AIR-0050,EA,,5.44,EA
AIR-0051,EA,,2.72,EA
AIR-0052,EA,,0.84,EA
AIR-0053,EA,,0.39,EA
AIR-0054,EA,,4.70,EA
AIR-0055,EA,,0.56,EA
AIR-0056,EA,,2.39,M
AIR-0058,EA,,23.80,EA
ANC-0001,EA,,80.00,EA
ANC-0002,EA,,64.33,EA
ANC-0003,EA,,118.00,EA
ANC-0004,EA,,52.11,EA
ANC-0009,EA,,1.88,EA
ANC-0011,EA,,90.30,EA
ANC-0014,EA,,15.41,EA
ANC-0016,EA,,55.65,EA
ANC-0019,EA,,65.90,EA
ANC-0020,EA,,34.10,EA
ANC-0023,EA,,52.85,EA
ANC-0024,EA,,138.28,EA
ANC-0025,EA,,143.50,EA
ANC-0026,EA,,126.16,EA
ANC-0028,EA,,143.50,EA
ANC-0029,EA,,126.16,EA
ANC-0030,EA,,91.20,EA
ANC-0031,EA,,72.20,EA
ANC-0032,EA,,50.62,EA
ANC-0035,EA,,76.67,EA
ANC-0036,EA,,220.33,EA
ANC-0037,EA,,220.33,EA
ANC-0038,EA,,37.00,EA
APP-0001,EA,,275.00,EA
APP-0002,EA,,192.50,EA
APP-0003,EA,,177.18,EA
APP-0004,EA,,145.85,EA
APP-0006,EA,,170.00,EA
APP-0008,EA,,639.80,EA
APP-0009,EA,,614.87,EA
BRK-0025,4T,,511.85,EA
BRK-0026,4T,,584.20,EA
CAP-0003,EA,,380.75,EA
CAP-0005,EA,,60.94,EA
CAP-0006,EA,,97.50,EA
CAP-0007,EA,,81.25,EA
CAP-0016,EA,,88.75,EA
CAP-0017,EA,,110.00,EA
CAP-0018,EA,,88.75,EA
CAP-0019,EA,,177.50,EA
CAP-0020,EA,,220.00,EA
CAP-0021,EA,,177.50,EA
CAP-0023,EA,,6.50,EA
CAP-0025,EA,,6.50,EA
CAP-0026,EA,,6.50,EA
CAP-0027,EA,,6.50,EA
CAP-0030,EA,,6.50,EA
CAP-0032,EA,,6.50,EA
CAP-0033,EA,,6.50,EA
CAP-0034,EA,,6.50,EA
CAP-0039,EA,,88.75,EA
CAP-0040,EA,,110.00,EA
CAP-0041,EA,,88.75,EA
CAP-0043,EA,,97.50,EA
CAR-0005,EA,,95.10,EA
CAR-0006,EA,,145.82,EA
CAR-0007,EA,,104.61,EA
CAR-0010,EA,,47.55,EA
CAR-0013,EA,,72.91,EA
CAR-0015,EA,,168.01,EA
CAR-0016,EA,,91.93,EA
CAR-0017,EA,,53.89,EA
CAV-0003,EA,,1.42,EA
CAV-0004,EA,,11.14,EA
CAV-0005,EA,,4.98,EA
CAV-0006,EA,,5.69,EA
CHB-0001,EA,4T,14.50,EA
CPB-0002,EA,4T,16.30,EA
DOR-0001,EA,,682.28,EA
DOR-0002,EA,,312.79,EA
DOR-0003,EA,,472.56,EA
DOR-0004,EA,,300.71,EA
DOR-0005,EA,,341.01,EA
DOR-0006,EA,,341.01,EA
DOR-0007,EA,,313.89,EA
DOR-0008,EA,,314.64,EA
DOR-0009,EA,,682.28,EA
DOR-0010,EA,,312.79,EA
DOR-0011,EA,,472.56,EA
DOR-0012,EA,,300.71,EA
DOR-0013,EA,,313.89,EA
DOR-0014,EA,,314.64,EA
DOR-0015,EA,BOX,1.46,EA
DOR-0016,EA,BOX,2.35,EA
DOR-0017,EA,,303.39,EA
DOR-0018,EA,,295.25,EA
DOR-0019,EA,,295.25,EA
DOR-0020,EA,,303.39,EA
DOR-0023,EA,,302.37,EA
DOR-0024,EA,,0.01,EA
DOR-0025,EA,,533.99,EA
DOR-0026,EA,,533.99,EA
DOR-0027,EA,,302.37,EA
DOR-0028,EA,,0.01,EA
DOR-0029,EA,,336.04,EA
DOR-0030,EA,,336.04,EA
DOR-0031,EA,,319.88,EA
DOR-0032,EA,,319.88,EA
DOR-0033,EA,,472.56,EA
DOR-0034,EA,,472.56,EA
DOR-0035,EA,,339.07,EA
DOR-0036,EA,,339.07,EA
DPM-0001,EA,,76.50,EA
ELE-0001,EA,,76.50,EA
ELE-0002,EA,,63.50,EA
ELE-0003,EA,,44.40,EA
ELE-0006,EA,,35.55,EA
ELE-0007,EA,,44.40,EA
ELE-0009,EA,,35.55,EA
ELE-0010,EA,,33.50,EA
ELE-0011,EA,,50.25,EA
ELE-0012,EA,,33.50,EA
ELE-0013,EA,,50.25,EA
ELE-0015,EA,,29.25,EA
ELE-0016,EA,,18.25,EA
ELE-0017,EA,,24.35,EA
ELE-0018,EA,,21.75,EA
ELE-0019,EA,,21.75,EA
ELE-0020,EA,,58.50,EA
ELE-0021,EA,,52.20,EA
ELE-0022,EA,,168.00,EA
ELE-0023,EA,,28.50,EA
ELE-0024,EA,,28.50,EA
ELE-0025,EA,,48.78,EA
ELE-0026,EA,,2.70,EA
ELE-0027,EA,,35.70,EA
ELE-0028,EA,,12.85,EA
ELE-0032,M,EA,0.68,M
ELE-0033,EA,,39.78,EA
ELE-0034,EA,,40.39,EA
ELE-0035,EA,,25.46,EA
ELE-0036,EA,,13.17,EA
ELE-0039,EA,,1.40,EA
ELE-0040,EA,,0.11,EA
ELE-0041,EA,,0.43,EA
ELE-0042,EA,,1.03,EA
ELE-0043,EA,,0.02,EA
ELE-0045,EA,,0.60,EA
ELE-0046,EA,,0.60,EA
ELE-0047,EA,,0.60,EA
ELE-0048,EA,,0.20,EA
ELE-0049,EA,,2.50,EA
ELE-0050,EA,,0.10,EA
ELE-0051,EA,,0.01,EA
ELE-0053,EA,,9.64,EA
ELE-0054,EA,,8.68,EA
ELE-0055,EA,,38.37,EA
ELE-0058,EA,,26.15,EA
ELE-0059,EA,,9.84,EA
ELE-0060,EA,,5.28,EA
ELE-0061,EA,,7.95,EA
ELE-0062,EA,,21.39,EA
ELE-0063,EA,,41.78,EA
ELE-0064,EA,,6.32,EA
ELE-0065,EA,,3.96,EA
ELE-0066,EA,,2.01,EA
ELE-0067,EA,,2.75,EA
ELE-0068,EA,,4.51,EA
ELE-0069,EA,,14.50,EA
ELE-0070,EA,,10.37,EA
ELE-0071,EA,,9.71,EA
ELE-0072,EA,,46.00,EA
ELE-0073,EA,,1377.65,EA
ELE-0074,EA,,946.30,EA
ELE-0075,EA,,664.52,EA
ELE-0076,M,EA,0.82,M
ELE-0077,M,EA,0.71,M
ELE-0078,EA,,11.80,EA
ELE-0080,EA,,33.69,EA
ELE-0081,EA,,2.91,EA
ELE-0082,EA,,7.96,EA
ELE-0083,EA,,6.69,EA
ELE-0084,EA,,6.69,EA
ELE-0085,EA,,6.63,EA
ELE-0086,EA,,11.29,EA
ELE-0087,EA,,16.81,EA
ELE-0088,EA,,0.42,EA
ELE-0089,EA,,2.14,EA
ELE-0090,EA,,2.81,EA
ELE-0091,EA,,3.15,EA
ELE-0092,EA,,5.87,EA
ELE-0093,EA,,6.37,EA
ELE-0094,EA,,2.03,EA
ELE-0095,EA,,2.11,EA
ELE-0096,EA,,3.74,EA
ELE-0097,EA,,6.36,EA
ELE-0098,EA,,8.00,EA
ELE-0099,EA,,6.70,EA
ELE-0100,EA,,6.97,EA
ELE-0101,EA,,7.25,EA
ELE-0102,EA,,7.81,EA
ELE-0103,EA,,8.05,EA
ELE-0104,EA,,8.32,EA
ELE-0105,EA,,8.85,EA
ELE-0106,EA,,9.92,EA
ELE-0107,EA,,18.78,EA
ELE-0108,EA,,24.97,EA
ELE-0109,EA,,24.34,EA
ELE-0110,EA,,27.96,EA
ELE-0111,EA,,31.10,EA
ELE-0112,EA,,9.51,EA
ELE-0113,EA,,9.01,EA
ELE-0114,EA,,12.07,EA
ELE-0115,EA,,3.21,EA
ELE-0116,EA,,3.29,EA
ELE-0117,EA,,3.38,EA
ELE-0118,EA,,3.46,EA
ELE-0119,EA,,3.55,EA
ELE-0120,EA,,3.63,EA
ELE-0121,EA,,3.72,EA
ELE-0122,EA,,3.80,EA
ELE-0123,EA,,3.97,EA
ELE-0124,EA,,4.06,EA
ELE-0125,EA,,4.14,EA
ELE-0126,EA,,4.23,EA
ELE-0127,EA,,4.31,EA
ELE-0128,EA,,4.40,EA
ELE-0129,EA,,4.48,EA
ELE-0130,EA,,4.57,EA
ELE-0131,EA,,4.65,EA
ELE-0132,EA,,4.74,EA
ELE-0133,EA,,4.82,EA
ELE-0134,EA,,4.90,EA
ELE-0135,EA,,4.99,EA
ELE-0136,EA,,5.07,EA
ELE-0137,EA,,5.16,EA
ELE-0138,EA,,5.50,EA
ELE-0139,EA,,5.58,EA
ELE-0140,EA,,5.67,EA
ELE-0141,EA,,5.75,EA
ELE-0142,EA,,5.84,EA
ELE-0143,EA,,6.01,EA
ELE-0144,EA,,6.18,EA
ELE-0145,EA,,6.35,EA
ELE-0146,EA,,6.36,EA
ELE-0147,EA,,6.51,EA
ELE-0148,EA,,6.68,EA
ELE-0149,EA,,6.85,EA
ELE-0150,EA,,6.94,EA
ELE-0151,EA,,7.02,EA
ELE-0152,EA,,7.69,EA
ELE-0153,EA,,7.36,EA
ELE-0154,EA,,7.53,EA
ELE-0155,EA,,8.70,EA
ELE-0156,EA,,9.23,EA
ELE-0157,EA,,3.27,EA
ELE-0158,EA,,3.44,EA
ELE-0159,EA,,3.52,EA
ELE-0160,EA,,3.60,EA
ELE-0161,EA,,3.68,EA
ELE-0162,EA,,3.76,EA
ELE-0163,EA,,3.85,EA
ELE-0164,EA,,3.93,EA
ELE-0165,EA,,4.09,EA
ELE-0166,EA,,4.17,EA
ELE-0167,EA,,4.25,EA
ELE-0168,EA,,4.42,EA
ELE-0169,EA,,4.50,EA
ELE-0170,EA,,4.58,EA
ELE-0171,EA,,4.66,EA
ELE-0172,EA,,4.75,EA
ELE-0173,EA,,4.91,EA
ELE-0174,EA,,5.07,EA
ELE-0175,EA,,5.15,EA
ELE-0176,EA,,5.24,EA
ELE-0177,EA,,5.40,EA
ELE-0178,EA,,5.56,EA
ELE-0179,EA,,5.73,EA
ELE-0180,EA,,5.81,EA
ELE-0181,EA,,5.89,EA
ELE-0182,EA,,5.97,EA
ELE-0183,EA,,6.05,EA
ELE-0184,EA,,6.14,EA
ELE-0185,EA,,6.22,EA
ELE-0186,EA,,6.38,EA
ELE-0187,EA,,6.46,EA
ELE-0188,EA,,6.54,EA
ELE-0189,EA,,6.71,EA
ELE-0190,EA,,6.79,EA
ELE-0191,EA,,6.87,EA
ELE-0192,EA,,7.20,EA
ELE-0193,EA,,7.36,EA
ELE-0194,EA,,7.69,EA
ELE-0195,EA,,8.02,EA
ELE-0196,EA,,8.26,EA
ELE-0197,EA,,8.34,EA
ELE-0198,EA,,8.84,EA
ELE-0199,EA,,9.08,EA
ELE-0200,EA,,4.38,EA
ELE-0201,EA,,4.88,EA
ELE-0202,EA,,6.49,EA
ELE-0203,EA,,6.92,EA
ELE-0204,EA,,7.56,EA
ELE-0205,EA,,9.17,EA
ELE-0206,EA,,9.70,EA
ELE-0207,EA,,10.24,EA
ELE-0208,EA,,10.50,EA
ELE-0209,EA,,10.77,EA
ELE-0210,EA,,11.31,EA
ELE-0211,EA,,11.84,EA
ELE-0212,EA,,12.38,EA
ELE-0213,EA,,12.92,EA
ELE-0214,EA,,13.99,EA
ELE-0215,EA,,14.52,EA
ELE-0216,EA,,16.13,EA
ELE-0217,EA,,16.67,EA
ELE-0218,EA,,17.20,EA
ELE-0219,EA,,17.74,EA
ELE-0220,EA,,18.73,EA
ELE-0221,EA,,19.58,EA
ELE-0222,EA,,21.49,EA
ELE-0223,EA,,23.51,EA
ELE-0224,EA,,3.64,EA
ELE-0225,EA,,3.75,EA
ELE-0226,EA,,4.32,EA
ELE-0227,EA,,0.01,EA
ELE-0228,EA,,4.89,EA
ELE-0229,EA,,5.23,EA
ELE-0230,EA,,0.01,EA
ELE-0231,EA,,5.57,EA
ELE-0232,EA,,6.05,EA
ELE-0233,EA,,6.37,EA
ELE-0234,EA,,0.01,EA
ELE-0235,EA,,6.94,EA
ELE-0236,EA,,7.44,EA
ELE-0237,EA,,7.17,EA
ELE-0238,EA,,0.01,EA
ELE-0239,EA,,8.46,EA
ELE-0240,EA,,8.30,EA
ELE-0241,EA,,9.85,EA
ELE-0242,EA,,10.74,EA
ELE-0243,EA,,3.95,EA
ELE-0244,EA,,4.18,EA
ELE-0245,EA,,4.63,EA
ELE-0246,EA,,4.98,EA
ELE-0247,EA,,5.09,EA
ELE-0248,EA,,5.20,EA
ELE-0249,EA,,5.32,EA
ELE-0250,EA,,5.43,EA
ELE-0251,EA,,5.54,EA
ELE-0252,EA,,5.77,EA
ELE-0253,EA,,5.89,EA
ELE-0254,EA,,6.00,EA
ELE-0255,EA,,6.11,EA
ELE-0256,EA,,6.23,EA
ELE-0257,EA,,6.68,EA
ELE-0258,EA,,6.91,EA
ELE-0259,EA,,7.14,EA
ELE-0260,EA,,7.59,EA
ELE-0261,EA,,7.82,EA
ELE-0262,EA,,8.05,EA
ELE-0263,EA,,8.28,EA
ELE-0264,EA,,8.73,EA
ELE-0265,EA,,8.85,EA
ELE-0266,EA,,0.01,EA
ELE-0267,EA,,9.95,EA
ELE-0268,EA,,9.64,EA
ELE-0269,EA,,9.87,EA
ELE-0270,EA,,10.10,EA
ELE-0271,EA,,11.35,EA
ELE-0272,EA,,10.78,EA
ELE-0273,EA,,12.36,EA
ELE-0274,EA,,11.92,EA
ELE-0275,EA,,12.26,EA
ELE-0276,EA,,0.01,EA
ELE-0277,EA,,13.74,EA
ELE-0278,EA,,15.15,EA
ELE-0279,EA,,14.88,EA
ELE-0280,EA,,0.01,EA
ELE-0281,EA,,48.83,EA
ELE-0282,EA,,60.78,EA
ELE-0283,EA,,71.78,EA
ELE-0284,EA,,0.01,EA
ELE-0285,EA,,50.00,EA
ELE-0286,EA,,50.00,EA
ELE-0287,EA,,22.36,EA
ELE-0288,EA,,21.12,EA
ELE-0289,EA,,21.12,EA
ELE-0290,EA,,21.12,EA
ELE-0291,EA,,50.00,EA
ELE-0292,EA,,50.00,EA
ELE-0293,EA,,50.00,EA
ELE-0294,EA,,50.00,EA
ELE-0295,EA,,24.45,EA
ELE-0296,EA,,24.45,EA
ELE-0297,EA,,24.45,EA
ELE-0298,EA,,24.71,EA
ELE-0299,EA,,24.71,EA
ELE-0300,EA,,24.45,EA
ELE-0301,EA,,24.45,EA
ELE-0302,EA,,24.45,EA
ELE-0303,EA,,57.90,EA
ELE-0304,EA,,24.45,EA
ELE-0305,EA,,57.90,EA
ELE-0306,EA,,57.90,EA
ELE-0307,EA,,57.90,EA
ELE-0308,EA,,23.34,EA
ELE-0309,EA,,23.34,EA
ELE-0310,EA,,55.27,EA
ELE-0311,EA,,55.27,EA
ELE-0312,EA,,97.46,EA
ELE-0313,EA,,9.20,EA
ELE-0314,EA,,9.50,EA
ELE-0315,EA,,320.13,EA
ELE-0318,EA,,8.75,EA
ELE-0319,EA,,19.80,EA
ELE-0321,EA,,29.87,EA
ELE-0322,EA,,10.08,EA
ELE-0323,EA,,0.01,EA
ELE-0324,EA,,10.34,EA
ELE-0325,EA,,20.00,EA
ELE-0326,EA,,5.27,EA
ELE-0327,EA,,2424.50,EA
ELE-0328,EA,,73.62,EA
ELE-0333,EA,,39.00,EA
ELE-0334,EA,,2.04,EA
ELE-0335,EA,,949.49,EA
ELE-0337,EA,,170.61,EA
ELE-0338,EA,,22.44,EA
ELE-0339,EA,,13.67,EA
ELE-0340,EA,,19.05,EA
ELE-0341,EA,,23.38,EA
ELE-0342,EA,,43.70,EA
ELE-0343,EA,,39.99,EA
ELE-0344,EA,,11.35,EA
ELE-0345,EA,,83.97,EA
ELE-0346,EA,,516.20,EA
ELE-0347,EA,,75.46,EA
ELE-0348,EA,,231.55,EA
ELE-0349,EA,,21.76,EA
ELE-0350,EA,,29.14,EA
ELE-0352,EA,,378.22,EA
ELE-0353,EA,,57.95,EA
ELE-0354,EA,,132.31,EA
ELE-0355,EA,,18.89,EA
ELE-0356,EA,,23.69,EA
ELE-0357,EA,,31.06,EA
ELE-0358,EA,,18.86,EA
ELE-0359,EA,,3.54,EA
ELE-0360,EA,,1558.00,EA
ELE-0361,EA,,472.08,EA
ELE-0362,EA,,532.24,EA
ELE-0363,EA,,1690.59,EA
ELE-0364,EA,,972.44,EA
ELE-0365,EA,,175.63,EA
ELE-0366,EA,,169.61,EA
ELE-0367,EA,,37.03,EA
ELE-0368,EA,,14.03,EA
ELE-0369,EA,,24.27,EA
ELE-0370,EA,,23.14,EA
ELE-0371,EA,,215.02,EA
ELE-0372,EA,,48.16,EA
ELE-0373,EA,,11.28,EA
ELE-0374,EA,,1856.88,EA
ELE-0375,EA,,677.16,EA
ELE-0376,EA,,137.31,EA
ELE-0377,EA,,179.40,EA
ELE-0378,EA,,112.18,EA
ELE-0379,EA,,48.75,EA
ELE-0380,EA,,59.79,EA
ELE-0381,EA,,66.87,EA
ELE-0382,EA,,77.37,EA
ELE-0383,EA,,214.81,EA
ELE-0384,EA,,249.56,EA
ELE-0385,EA,,112.11,EA
ELE-0386,EA,,17.81,EA
ELE-0387,EA,,119.64,EA
ELE-0388,EA,,518.67,EA
ELE-0389,EA,,18.26,EA
ELE-0390,EA,,2.73,EA
ELE-0391,EA,,3.89,EA
ELE-0392,EA,,5.92,EA
ELE-0393,EA,,6.09,EA
ELE-0394,EA,,3.19,EA
ELE-0395,EA,,3.36,EA
ELE-0396,EA,,4.83,EA
ELE-0397,EA,,5.32,EA
ELE-0398,EA,,9.43,EA
ELE-0399,EA,,12.11,EA
ELE-0400,EA,,12.65,EA
ELE-0401,EA,,21.22,EA
ELE-0402,EA,,5.46,EA
ELE-0403,EA,,7.51,EA
ELE-0404,EA,,4.06,EA
ELE-0405,EA,,4.52,EA
ELE-0406,EA,,5.66,EA
ELE-0407,EA,,16.59,EA
ELE-0408,EA,,7.48,EA
ELE-0409,EA,,10.67,EA
ELE-0410,EA,,13.17,EA
ELE-0411,EA,,8.21,EA
ELE-0412,EA,,4.01,EA
ELE-0413,EA,,8.67,EA
ELE-0414,EA,,19.34,EA
ELE-0415,EA,,19.88,EA
ELE-0416,EA,,20.41,EA
ELE-0417,EA,,64.55,EA
ELE-0418,EA,,75.56,EA
ELE-0419,EA,,28.69,EA
ELE-0420,EA,,27.84,EA
ELE-0421,EA,,88.28,EA
ELE-0422,EA,,1.23,EA
ELE-0423,EA,,0.01,EA
ELE-0425,EA,,20.67,EA
ELE-0426,EA,,45.87,EA
ELE-0427,EA,,76.98,EA
ELE-0428,EA,,2.56,EA
ELE-0429,EA,,5.87,EA
ELE-0430,EA,,7.42,EA
ELE-0431,EA,,25.91,EA
ELE-0432,EA,,5.24,EA
ELE-0433,EA,,5.33,EA
ELE-0434,EA,,5.41,EA
ELE-0435,EA,,6.26,EA
ELE-0436,EA,,6.60,EA
ELE-0437,EA,,6.77,EA
ELE-0438,EA,,7.28,EA
ELE-0439,EA,,10.08,EA
ELE-0440,EA,,7.45,EA
ELE-0441,EA,,7.96,EA
ELE-0442,EA,,8.29,EA
ELE-0443,EA,,8.72,EA
ELE-0444,EA,,10.07,EA
ELE-0445,EA,,10.33,EA
ELE-0446,EA,,4.99,EA
ELE-0447,EA,,5.48,EA
ELE-0448,EA,,5.65,EA
ELE-0449,EA,,6.63,EA
ELE-0450,EA,,6.95,EA
ELE-0451,EA,,7.44,EA
ELE-0452,EA,,7.53,EA
ELE-0453,EA,,7.85,EA
ELE-0454,EA,,4.08,EA
ELE-0455,EA,,4.61,EA
ELE-0456,EA,,5.95,EA
ELE-0457,EA,,7.83,EA
ELE-0458,EA,,8.09,EA
ELE-0459,EA,,8.36,EA
ELE-0460,EA,,8.63,EA
ELE-0461,EA,,8.90,EA
ELE-0462,EA,,9.97,EA
ELE-0463,EA,,11.58,EA
ELE-0464,EA,,13.45,EA
ELE-0465,EA,,13.72,EA
ELE-0466,EA,,15.59,EA
ELE-0467,EA,,19.08,EA
ELE-0468,EA,,20.68,EA
ELE-0469,EA,,20.95,EA
ELE-0470,EA,,22.02,EA
ELE-0471,EA,,24.16,EA
ELE-0472,EA,,25.50,EA
ELE-0473,EA,,27.91,EA
ELE-0474,EA,,34.34,EA
ELE-0475,EA,,4.09,EA
ELE-0476,EA,,5.69,EA
ELE-0477,EA,,6.14,EA
ELE-0478,EA,,6.26,EA
ELE-0479,EA,,7.39,EA
ELE-0480,EA,,8.08,EA
ELE-0481,EA,,10.47,EA
ELE-0482,EA,,12.29,EA
ELE-0483,EA,,3.84,EA
ELE-0484,EA,,4.41,EA
ELE-0485,EA,,6.34,EA
ELE-0486,EA,,6.46,EA
ELE-0487,EA,,6.57,EA
ELE-0488,EA,,9.19,EA
ELE-0489,EA,,9.76,EA
ELE-0490,EA,,10.44,EA
ELE-0491,EA,,65.49,EA
ELE-0492,EA,,87.50,EA
ELE-0493,EA,,50.00,EA
ELE-0494,EA,,50.00,EA
ELE-0495,EA,,50.00,EA
ELE-0496,EA,,50.00,EA
ELE-0497,EA,,50.00,EA
ELE-0498,EA,,50.00,EA
ELE-0499,EA,,50.00,EA
ELE-0500,EA,,54.98,EA
ELE-0501,EA,,50.00,EA
ELE-0502,EA,,57.90,EA
ELE-0503,EA,,57.90,EA
ELE-0504,EA,,57.90,EA
ELE-0505,EA,,57.90,EA
ELE-0506,EA,,30.72,EA
ELE-0507,EA,,55.27,EA
ELE-0508,EA,,55.27,EA
ELE-0509,EA,,55.27,EA
ELE-0510,EA,,55.27,EA
ELE-0511,EA,,55.27,EA
ELE-0512,EA,,55.27,EA
ELE-0513,EA,,55.27,EA
ELE-0514,EA,,55.27,EA
ELE-0515,EA,,4.34,EA
ELE-0516,EA,,51.97,EA
ELE-0517,EA,,51.34,EA
ELE-0518,EA,,51.03,EA
ELE-0519,EA,,50.40,EA
ELE-0520,EA,,48.20,EA
ELE-0521,EA,,6.43,EA
ELE-0522,EA,,49.14,EA
ELE-0523,EA,,199.91,EA
ELE-0524,EA,,49.78,EA
ELE-0525,EA,,25.08,EA
ELE-0526,EA,,141.43,EA
ELE-0527,EA,,95.50,EA
ELE-0528,EA,,12.67,EA
ELE-0529,EA,,36.22,EA
ELE-0530,EA,,565.24,EA
ELE-0531,EA,,529.46,EA
ELE-0532,EA,,1454.00,EA
ELE-0533,EA,,10.76,EA
ELE-0534,EA,,265.16,EA
ELE-0535,EA,,82.38,EA
ELE-0536,EA,,27.01,EA
ELE-0537,EA,,36.42,EA
ELE-0538,EA,,52.01,EA
ELE-0539,EA,,52.30,EA
ELE-0540,EA,,17.52,EA
ELE-0541,EA,,910.47,EA
ELE-0542,EA,,890.18,EA
ELE-0543,EA,,67.87,EA
ELE-0544,EA,,4.32,EA
ELE-0545,EA,,49.12,EA
ELE-0546,EA,,108.28,EA
ELE-0547,EA,,81.95,EA
ELE-0548,EA,,20.03,EA
ELE-0549,EA,,57.95,EA
ELE-0550,EA,,1701.38,EA
ELE-0551,EA,,737.50,EA
ELE-0552,EA,,1134.78,EA
ELE-0553,EA,,28.49,EA
ELE-0554,EA,,5.91,EA
ELE-0600,EA,,13.77,EA
ELE-0601,EA,,1.06,EA
ELE-0602,EA,,0.10,EA
ELE-0603,EA,,0.86,EA
ELE-0604,EA,,3.23,EA
ELE-0605,EA,EA,26.56,EA
ELE-0701,EA,,3.65,EA
ELE-0702,EA,,0.25,EA
EQU-0001,EA,,229.50,EA
EQU-0002,EA,,289.45,EA
EQU-0003,EA,,84.31,EA
EQU-0004,EA,,84.31,EA
EQU-0005,EA,,84.31,EA
EQU-0006,EA,,84.31,EA
EQU-0007,EA,,84.31,EA
EQU-0008,EA,,84.31,EA
EQU-0009,EA,,84.31,EA
EQU-0010,EA,,84.31,EA
EQU-0011,EA,,84.31,EA
EQU-0012,EA,,84.31,EA
EQU-0013,EA,,84.31,EA
EQU-0014,EA,,84.31,EA
EQU-0015,EA,,84.31,EA
EQU-0016,EA,,84.31,EA
EQU-0017,EA,,84.31,EA
EQU-0018,EA,,84.31,EA
EQU-0019,EA,,84.31,EA
EQU-0020,EA,,84.31,EA
EQU-0021,EA,,84.31,EA
EQU-0022,EA,,84.31,EA
EQU-0023,EA,,84.31,EA
EQU-0024,EA,,84.31,EA
EQU-0025,EA,,84.31,EA
EQU-0026,EA,,84.31,EA
EQU-0027,EA,,84.31,EA
EQU-0028,EA,,84.31,EA
EQU-0029,EA,,84.31,EA
FAB-0001,EA,,2.00,EA
FAB-0002,EA,,13.42,EA
FAB-0003,EA,,18.49,EA
FAB-0004,EA,,11.85,EA
FAB-0005,EA,,3.93,EA
FAB-0006,EA,,91.51,EA
FAB-0007,EA,,7.25,EA
FAB-0008,EA,,19.05,EA
FAB-0009,EA,,93.75,EA
FAB-0010,EA,,1072.50,EA
FAB-0011,EA,,53.25,EA
FAB-0012,EA,,88.37,EA
FAB-0013,EA,,12.31,EA
FAB-0014,EA,,12.96,EA
FAB-0016,EA,,4.31,EA
FAB-0017,EA,,8.35,EA
FAB-0018,EA,,3.98,EA
FAB-0019,EA,,1.74,EA
FAB-0020,EA,,29.72,EA
FAB-0021,EA,,29.72,EA
FAB-0022,EA,,17.85,EA
FAB-0023,EA,,17.85,EA
FAB-0024,EA,,54.60,EA
FAB-0025,EA,,1.06,EA
FAB-0026,EA,,187.50,EA
FAB-0037,EA,,21.12,EA
FAB-0038,EA,,87.05,EA
FAB-0039,EA,,19.05,EA
FAB-0040,EA,,18.94,EA
FAB-0041,EA,,26.48,EA
FAB-0042,EA,,26.48,EA
FAB-0043,EA,,24.20,EA
FAB-0044,EA,,3.73,EA
FAB-0045,EA,,4.12,EA
FAB-0047,EA,,35.00,EA
FAB-0048,EA,,69.25,EA
FAB-0049,EA,,69.25,EA
FAB-0050,EA,,1325.00,EA
FAB-0051,EA,,147.22,EA
FAB-0052,EA,,147.22,EA
FAB-0053,EA,,147.22,EA
FAB-0054,EA,,147.22,EA
FAB-0055,EA,,147.22,EA
FAB-0056,EA,,147.22,EA
FAB-0057,EA,,147.22,EA
FAB-0058,EA,,147.22,EA
FAB-0059,EA,,147.22,EA
FAB-0060,EA,,98.50,EA
FAB-0061,EA,,175.00,EA
FAB-0062,EA,,15.90,EA
FAB-0063,EA,,29.60,EA
FAB-0064,EA,,13.65,EA
FAB-0065,EA,,83.40,EA
FAB-0066,EA,,31.15,EA
FAB-0067,EA,,31.15,EA
FAB-0088,EA,,43.50,EA
FAB-0091,EA,,4.98,EA
FAB-0092,EA,,6.64,EA
FAB-0093,EA,,7.39,EA
FAB-0094,EA,,7.37,EA
FFE-0003,EA,,15.75,EA
FFE-0007,EA,,6.30,EA
FFE-0008,EA,BOX,3.95,EA
FFE-0009,BOX,,24.10,BOX
FIX-0001,BOX,,34.03,BOX
FIX-0002,BOX,,27.39,BOX
FIX-0003,BOX,,27.48,BOX
FIX-0004,BOX,,14.45,BOX
FIX-0006,BOX,,143.02,BOX
FIX-0007,BOX,,17.45,BOX
FIX-0010,BOX,,41.49,BOX
FIX-0011,BOX,,10.68,BOX
FIX-0012,BOX,,13.63,BOX
FIX-0013,BOX,,6.84,BOX
FIX-0014,EA,BOX,38.64,EA
FIX-0015,BOX,,4.84,BOX
FIX-0017,BOX,,9.74,BOX
FIX-0018,BOX,,84.86,BOX
FIX-0021,BOX,,2.66,BOX
FIX-0022,BOX,,3.96,BOX
FIX-0023,BOX,,3.62,BOX
FIX-0024,BOX,,2.02,BOX
FIX-0025,BOX,,36.82,BOX
FIX-0026,BOX,,3.10,BOX
FIX-0027,BOX,,12.20,BOX
FIX-0028,BOX,,1.52,BOX
FIX-0029,BOX,,0.78,BOX
FIX-0030,BOX,,6.00,BOX
FIX-0033,BOX,,28.99,BOX
FIX-0035,BOX,,3.84,BOX
FIX-0036,BOX,,2.60,BOX
FIX-0037,BOX,,1.38,BOX
FIX-0038,BOX,,27.55,BOX
FIX-0039,BOX,,41.29,BOX
FIX-0040,BOX,,11.42,BOX
FIX-0041,BOX,,1.12,BOX
FIX-0042,BOX,,40.55,BOX
FIX-0044,BOX,,5.40,BOX
FIX-0045,BOX,,10.58,BOX
FIX-0046,BOX,,15.78,BOX
FIX-0047,BOX,,22.57,BOX
FIX-0048,BOX,,20.78,BOX
FIX-0049,BOX,,10.19,BOX
FIX-0051,EA,BOX,10.62,EA
FIX-0052,EA,BOX,9.77,EA
FIX-0053,EA,BOX,13.87,EA
FIX-0054,BOX,,2.60,BOX
FIX-0055,BOX,,1.26,BOX
FIX-0056,BOX,,0.33,BOX
FIX-0061,BOX,,76.46,BOX
FIX-0062,BOX,,19.54,BOX
FIX-0063,BOX,,2.46,BOX
FIX-0064,BOX,,3.73,BOX
FIX-0065,BOX,,23.59,BOX
FIX-0066,EA,BOX,6.35,EA
FIX-0067,EA,BOX,12.97,EA
FIX-0068,BOX,,3.61,BOX
FIX-0070,BOX,,7.02,BOX
FIX-0071,BOX,,0.98,BOX
FIX-0072,BOX,,2.00,BOX
FIX-0073,BOX,,2.92,BOX
FIX-0074,BOX,,1.89,BOX
FIX-0075,BOX,,2.81,BOX
FIX-0076,BOX,,2.46,BOX
FIX-0077,BOX,,164.56,BOX
FIX-0079,BOX,,4.60,BOX
FIX-0080,BOX,,9.72,BOX
FIX-0081,BOX,,0.88,BOX
FIX-0082,BOX,,11.66,BOX
FIX-0084,BOX,,37.23,BOX
FIX-0085,BOX,,6.00,BOX
FIX-0086,BOX,,17.55,BOX
FIX-0087,BOX,,4.16,BOX
FIX-0088,BOX,,14.97,BOX
FIX-0089,BOX,,7.78,BOX
FIX-0090,BOX,,56.22,BOX
FIX-0091,BOX,,6.72,BOX
FIX-0092,BOX,,102.43,BOX
FIX-0093,BOX,,54.90,BOX
FIX-0096,EA,,3.70,EA
FIX-0097,BOX,,4.08,BOX
FIX-0098,BOX,,114.88,BOX
FIX-0099,BOX,,1.99,BOX
FIX-0101,BOX,,33.87,BOX
FIX-0102,BOX,,3.10,BOX
FIX-0103,BOX,,48.77,BOX
FIX-0104,BOX,,37.67,BOX
FIX-0105,BOX,,18.10,BOX
FIX-0106,BOX,,31.16,BOX
FIX-0107,BOX,,6.40,BOX
FIX-0108,BOX,,0.70,BOX
FIX-0109,BOX,,50.82,BOX
FIX-0110,BOX,,3.47,BOX
FIX-0111,BOX,,56.09,BOX
FIX-0112,PAC,,2.28,PAC
FIX-0113,BOX,,66.58,BOX
FIX-0114,BOX,,19.44,BOX
FIX-0115,BOX,,12.35,BOX
FIX-0116,BOX,,37.47,BOX
FIX-0117,BOX,,1.02,BOX
FIX-0118,BOX,,3.96,BOX
FIX-0119,BOX,,10.00,BOX
FIX-0120,BOX,,9.80,BOX
FIX-0121,BOX,,16.40,BOX
FIX-0122,BOX,,34.32,BOX
FIX-0123,BOX,,3.32,BOX
FIX-0124,EA,,21.07,EA
FIX-0125,EA,,14.88,EA
FIX-0126,BOX,,12.21,BOX
GDR-0001,EA,,349.00,EA
HEA-0013,EA,,16.45,EA
HEA-0015,EA,,76.47,EA
HEA-0016,EA,,63.33,EA
HEA-0017,EA,,55.95,EA
HEA-0018,EA,,49.32,EA
HEA-0019,EA,,36.32,EA
HEA-0021,EA,,21.05,EA
HEA-0023,PAC,,17.23,PAC
HEA-0022,PAC,,9.88,PAC
HEA-0024,PAC,,46.02,PAC
HEA-0025,PAC,,28.82,PAC
HEA-0026,PAC,,4.26,PAC
HEA-0033,EA,,140.00,EA
HEA-0034,EA,,30.38,EA
HEA-0035,EA,,96.78,EA
HEA-0036,EA,,72.52,EA
HEA-0037,EA,,18.07,EA
HEA-0038,EA,,4.94,EA
HEA-0039,EA,,21.05,EA
HEA-0040,EA,,43.04,EA
HEA-0051,EA,,18.45,EA
HEA-0052,EA,,18.45,EA
INM-0001,EA,,16.70,M
INM-0002,EA,,30.00,M
INM-0003,EA,,60.00,M
INS-0001,EA,,1380.00,EA
INS-0002,EA,,60.00,M2
INS-0003,EA,,71.50,EA
INS-0004,EA,,47.50,EA
INS-0005,EA,,2.50,EA
INS-0006,EA,,470.00,EA
INS-0008,EA,4T,22.47,EA
INS-0009,EA,BOX,17.88,EA
INS-0010,EA,BOX,26.31,EA
INS-0011,EA,BOX,29.80,EA
INS-0012,EA,BOX,42.27,EA
INS-0013,EA,BOX,22.20,EA
IRN-0001,EA,,3.08,EA
IRN-0002,EA,,0.36,EA
IRN-0003,EA,,6.70,EA
IRN-0004,EA,,7.10,EA
IRN-0005,EA,,5.93,EA
IRN-0006,EA,,3.06,EA
IRN-0007,EA,,6.00,EA
IRN-0008,EA,,5.32,EA
KIT-0001,EA,,1336.29,EA
KIT-0002,EA,,1336.29,EA
KIT-0003,EA,,20.50,EA
KIT-0004,EA,,59.36,EA
KIT-0005,EA,,143.50,EA
KIT-0006,EA,,52.16,EA
KIT-0007,EA,,44.22,EA
KIT-0008,EA,,260.66,EA
KIT-0009,EA,,136.67,EA
KIT-0011,EA,,64.88,EA
KIT-0012,EA,,76.98,EA
KIT-0013,EA,,52.66,EA
KIT-0014,EA,,78.81,EA
KIT-0015,EA,,39.12,EA
KIT-0016,EA,,26.52,EA
KIT-0018,EA,,9.12,EA
KIT-0019,EA,,7.84,EA
KIT-0020,EA,,48.09,EA
KIT-0021,EA,,37.40,EA
KIT-0022,EA,,64.02,EA
KIT-0024,EA,,8.25,EA
KIT-0030,EA,,479.90,EA
KIT-0033,EA,,47.00,EA
KIT-0034,EA,,479.90,EA
KIT-0036,EA,,20.00,EA
KIT-0037,EA,,20.00,EA
KIT-0038,EA,,20.00,EA
KIT-0039,EA,,20.00,EA
KIT-0040,EA,,20.00,EA
KIT-0041,EA,,20.00,EA
KIT-0042,EA,,7.05,EA
KIT-0043,EA,,59.36,EA
KIT-0044,EA,,260.66,EA
KIT-0045,EA,,136.67,EA
KIT-0046,EA,,52.66,EA
KIT-0047,EA,,78.81,EA
KIT-0048,EA,,0.01,EA
KIT-0049,EA,,0.01,EA
KIT-0050,EA,,0.01,EA
KIT-0051,EA,,0.01,EA
KIT-0052,EA,,0.01,EA
KIT-0053,EA,,48.09,EA
KIT-0054,EA,,0.01,EA
KIT-0055,EA,,0.01,EA
KIT-0056,EA,,177.85,EA
KIT-0057,EA,,177.85,EA
KIT-0058,EA,,242.26,EA
KIT-0059,EA,,242.26,EA
KIT-0060,EA,,65.82,EA
KIT-0061,EA,,78.42,EA
KIT-0062,EA,,60.12,EA
KIT-0063,EA,,104.48,EA
KIT-0064,EA,,298.48,EA
KIT-0065,EA,,217.81,EA
KIT-0066,EA,,111.21,EA
KIT-0067,EA,,178.32,EA
KIT-0069,EA,,53.67,EA
KIT-0070,EA,,198.52,EA
KIT-0071,EA,,25.11,EA
KIT-0072,EA,,51.05,EA
KIT-0073,EA,,91.34,EA
KIT-0074,EA,,37.91,EA
KIT-0075,EA,,127.88,EA
KIT-0076,EA,,37.57,EA
KIT-0077,EA,,208.86,EA
KIT-0078,EA,,13.30,EA
KIT-0079,EA,,77.00,EA
KIT-0080,EA,,65.82,EA
KIT-0081,EA,,4.50,EA
KIT-0082,EA,,42.99,EA
KIT-0083,EA,,298.48,EA
KIT-0084,EA,,178.32,EA
KIT-0085,EA,,53.67,EA
KIT-0086,EA,,60.12,EA
KIT-0089,EA,,12.50,EA
KIT-0090,EA,,556.50,EA
KIT-0091,EA,,150.00,EA
KIT-0092,EA,,181.12,EA
KIT-0093,EA,,212.38,EA
KIT-0094,EA,,0.01,EA
KIT-0095,EA,,78.42,EA
KIT-0096,EA,,42.99,EA
KIT-0097,EA,,2.10,EA
KIT-0098,EA,,2.10,EA
KIT-0099,EA,,2.70,EA
KIT-0100,EA,,5.70,EA
KIT-0101,EA,,7.50,EA
KIT-0102,EA,,7.50,EA
LAM-0001,PAC,,21.51,PAC
MDR-0005,EA,,16.59,EA
MDR-0006,EA,,6.43,EA
MDR-0007,EA,,6.18,EA
MDR-0008,EA,,0.45,EA
MDR-0009,EA,,12.75,EA
MDR-0012,EA,,5.33,EA
MDR-0014,EA,,10.23,M
MDR-0015,EA,,1.59,EA
MDR-0016,M,EA,0.69,M
MDR-0017,M,EA,0.85,M
MDR-0019,EA,,5.92,EA
MDR-0020,EA,,1.75,EA
MDR-0021,EA,,14.70,EA
MDR-0023,EA,,4.43,EA
MDR-0024,EA,,1.65,EA
MDR-0026,EA,,6.92,EA
MDR-0028,EA,,6.33,EA
MDR-0029,EA,,21.71,EA
MDR-0032,EA,,0.20,EA
MDR-0033,EA,,0.27,EA
MDR-0034,EA,,1.03,EA
MDR-0035,EA,,3.05,EA
MDR-0036,EA,,3.02,EA
MDR-0037,EA,,8.78,EA
MDR-0038,EA,,8.78,EA
MDR-0039,EA,,1.26,EA
MDR-0040,EA,,1.44,EA
MDR-0041,EA,,9.44,EA
MDR-0042,EA,,0.74,EA
MDR-0043,EA,,0.74,EA
MDR-0044,EA,,1.31,EA
MDR-0045,EA,,11.17,EA
MDR-0047,EA,,2.84,EA
MDR-0048,EA,,2.51,EA
MDR-0049,EA,,515.00,EA
MDR-0055,EA,,2.50,EA
MDR-0056,EA,,6.21,EA
MDR-0057,EA,,0.26,EA
MDR-0058,EA,,0.62,EA
MDR-0059,EA,,0.62,EA
MDR-0060,EA,,0.79,EA
MDR-0061,EA,,0.67,EA
MDR-0062,EA,,2.45,M
MDR-0063,EA,,0.80,EA
MDR-0069,EA,,4.71,EA
MDR-0070,EA,,6.10,EA
MDR-0071,EA,,7.71,EA
MDR-0072,EA,,27.77,EA
MDR-0073,EA,,13.15,EA
MDR-0074,EA,,5.61,EA
MDR-0076,EA,,1.06,EA
MDR-0077,EA,,1.77,EA
MDR-0078,EA,,0.94,EA
MDR-0079,EA,,18.98,EA
MDR-0080,EA,,6.34,EA
MDR-0081,EA,,1.96,EA
MDR-0082,EA,,0.74,EA
MDR-0083,EA,,0.74,EA
MDR-0084,EA,,0.65,EA
MDR-0085,EA,,0.74,EA
MDR-0086,EA,,1.31,EA
MDR-0087,EA,,2.24,EA
MDR-0088,EA,,1.12,EA
MDR-0089,EA,,10.77,EA
MDR-0090,EA,,10.77,EA
MDR-0091,EA,,34.30,EA
MDR-0092,EA,,28.43,EA
MDR-0093,EA,,17.22,EA
MDR-0094,EA,,8.36,EA
MDR-0095,EA,,8.22,EA
MDR-0096,EA,,1.17,EA
MDR-0097,EA,,4.97,EA
MDR-0098,EA,,2.01,EA
MDR-0099,M,EA,2.57,M
MDR-0100,EA,,7.47,EA
MDR-0101,EA,,3.77,M
MDR-0102,EA,,6.61,EA
MDR-0103,EA,,8.37,EA
MDR-0104,EA,,21.39,EA
MDR-0105,EA,,23.70,EA
MDR-0106,EA,,1.11,EA
MDR-0107,EA,,4.53,EA
MDR-0108,EA,,3.92,EA
MDR-0109,EA,,1.23,EA
MDR-0110,EA,,1.14,EA
MDR-0111,EA,,1.36,EA
MDR-0112,EA,,3.70,EA
MDR-0113,EA,,2.57,EA
MDR-0114,EA,,1.55,EA
MDR-0115,EA,,17.26,EA
MDR-0116,M,EA,0.73,EA
MDR-0117,M,EA,0.91,EA
MDR-0118,M,EA,1.17,EA
MDR-0119,EA,,0.47,EA
MDR-0120,EA,,0.48,EA
MDR-0121,EA,,0.96,EA
MDR-0122,EA,,0.66,EA
MDR-0123,EA,,0.79,EA
MDR-0124,EA,,1.23,EA
MDR-0125,EA,,0.66,EA
MDR-0126,EA,,1.69,EA
MDR-0127,EA,,0.85,EA
MDR-0128,EA,,0.83,EA
MDR-0129,EA,,0.17,EA
MDR-0130,EA,,0.34,EA
MDR-0132,EA,,5.79,EA
MDR-0133,EA,,9.00,EA
MEM-0001,EA,4T,139.89,EA
MEM-0002,EA,4T,324.14,EA
MEM-0003,EA,,138.54,EA
MEM-0005,EA,BOX,4.00,EA
MEM-0006,EA,BOX,3.75,EA
MEM-0007,EA,,12.75,EA
MEM-0008,EA,BOX,10.90,EA
MEM-0009,EA,,26.25,EA
MEP-0002,EA,,26.54,EA
MOR-0001,EA,,15.75,KG
MWA-0001,M,EA,0.87,M
MWA-0002,M,EA,0.99,M
MWA-0003,EA,,1.38,EA
MWA-0004,M,EA,3.59,EA
MWA-0005,M,EA,1.89,M
MWA-0006,EA,,6.41,EA
MWA-0008,EA,,373.55,EA
MWA-0009,EA,,4.10,EA
MWA-0010,EA,,9.44,EA
MWA-0012,EA,,0.74,EA
MWA-0013,EA,,0.74,EA
MWA-0014,EA,,1.31,EA
MWA-0016,EA,,11.17,EA
MWA-0018,EA,,2.84,EA
MWA-0019,EA,,2.51,EA
MWA-0020,EA,,515.00,EA
MWA-0021,EA,,2.50,EA
MWA-0022,EA,,6.21,EA
MWA-0023,EA,,0.26,EA
MWA-0024,EA,,0.62,EA
MWA-0025,EA,,0.62,EA
MWA-0026,EA,,0.79,EA
MWA-0027,EA,,0.67,EA
MWA-0028,EA,,2.45,EA
MWA-0029,EA,,0.80,EA
MWA-0030,EA,,4.71,EA
MWA-0031,EA,,6.10,EA
MWA-0033,EA,,7.71,EA
MWA-0034,EA,,27.77,EA
MWA-0035,EA,,13.15,EA
MWA-0036,EA,,5.61,EA
MWA-0037,EA,,1.71,EA
MWA-0038,EA,,1.06,EA
MWA-0039,EA,,1.77,EA
MWA-0040,EA,,0.94,EA
MWA-0041,EA,,18.98,EA
MWA-0043,EA,,6.34,EA
MWA-0044,EA,,1.96,EA
MWA-0045,EA,,0.74,EA
MWA-0047,EA,,0.74,EA
MWA-0048,EA,,0.65,EA
MWA-0049,EA,,0.74,EA
MWA-0050,EA,,1.31,EA
MWA-0051,EA,,2.24,EA
MWA-0053,EA,,1.12,EA
MWA-0054,EA,,10.77,EA
MWA-0055,EA,,10.77,EA
MWA-0056,EA,,34.30,EA
MWA-0057,EA,,28.43,EA
MWA-0058,EA,,17.22,EA
MWA-0059,EA,,8.36,EA
MWA-0060,EA,,8.22,EA
MWA-0061,M,EA,1.17,M
MWA-0062,EA,,4.97,EA
MWA-0063,EA,,2.01,EA
MWA-0064,EA,,2.57,EA
MWA-0065,EA,,7.47,EA
MWA-0066,EA,,3.77,EA
MWA-0067,EA,,6.61,EA
MWA-0068,EA,,8.37,EA
MWA-0069,M,EA,21.39,M
MWA-0070,M,EA,23.70,M
MWA-0071,EA,,1.11,EA
MWA-0072,EA,,4.53,EA
MWA-0073,EA,,3.92,EA
MWA-0074,EA,,1.23,EA
MWA-0075,EA,,1.14,EA
MWA-0076,EA,,1.36,EA
MWA-0077,EA,,3.70,EA
MWA-0078,EA,,2.57,EA
MWA-0079,EA,,1.55,EA
MWA-0080,EA,,17.26,EA
MWA-0081,EA,,0.73,EA
MWA-0082,EA,,0.91,EA
MWA-0083,EA,,1.17,EA
MWA-0084,EA,,0.47,EA
MWA-0085,EA,,0.48,EA
MWA-0086,EA,,0.96,EA
MWA-0087,EA,,0.66,EA
MWA-0088,EA,,0.79,EA
MWA-0089,EA,,1.23,EA
MWA-0090,EA,,0.66,EA
MWA-0091,EA,,1.69,EA
MWA-0092,EA,,0.85,EA
MWA-0093,EA,,0.83,EA
MWA-0094,EA,,0.17,EA
MWA-0095,EA,,0.34,EA
MWA-0096,EA,,5.79,EA
MWA-0097,EA,,9.00,EA
MWA-0098,EA,,139.89,EA
MWA-0099,EA,,324.14,EA
MWA-0100,EA,,138.54,EA
MWA-0101,M,EA,4.00,M
MWA-0102,EA,,3.75,EA
OSB-0001,EA,4T,12.75,EA
OSB-0002,EA,4T,10.90,EA
OSB-0003,EA,4T,26.25,EA
PBD-0001,EA,4T,44.99,EA
PHE-0001,EA,4T,26.54,EA
PHE-0002,EA,4T,15.75,EA
PHE-0003,EA,4T,0.87,EA
PHE-0005,EA,4T,0.99,EA
PHE-0006,EA,4T,1.38,EA
PHE-0007,EA,4T,3.59,EA
PLY-0001,EA,4T,1.89,EA
PLY-0002,EA,4T,6.41,EA
PLY-0004,EA,4T,373.55,EA
PLY-0006,EA,4T,4.10,EA
PLY-0007,EA,4T,21.50,EA
PNT-0001,EA,,20.84,EA
PNT-0005,EA,,19.49,EA
PNT-0007,EA,,23.05,EA
PNT-0008,EA,BOX,7.70,EA
PNT-0009,EA,,20.71,EA
PNT-0010,EA,,40.90,EA
PNT-0011,EA,,12.39,EA
PNT-0014,EA,,16.92,EA
PNT-0015,EA,,14.13,EA
PNT-0016,EA,,60.70,EA
PNT-0017,EA,,14.83,EA
PNT-0018,EA,,14.13,EA
PRO-0001,EA,,53.43,EA
PRO-0003,EA,,1.70,EA
PUR-0002,EA,BOX,9.09,BOX
PUR-0004,EA,,19.56,EA
PUR-0005,EA,BOX,2.40,BOX
PUR-0006,EA,,19.56,EA
PUR-0009,EA,BOX,1.61,BOX
PUR-0010,EA,BOX,2.01,BOX
PUR-0011,EA,BOX,2.06,BOX
PUR-0013,EA,,2.50,EA
PUR-0014,EA,,6.07,EA
PUR-0015,EA,,4.83,EA
PUR-0016,EA,,2.89,M
PUR-0020,EA,BOX,1.95,BOX
PUR-0024,EA,,2.06,EA
PUR-0025,EA,,2.21,EA
PUR-0027,EA,,0.25,EA
PUR-0028,EA,BOX,0.44,BOX
PUR-0029,EA,BOX,1.07,BOX
PUR-0039,EA,,33.80,EA
PUR-0040,EA,BOX,1.70,BOX
PUR-0041,EA,,3.19,BOX
PUR-0042,EA,BOX,1.07,BOX
PUR-0043,EA,BOX,2.83,BOX
PUR-0044,EA,,3.48,EA
PUR-0045,EA,,6.20,EA
PVC-0001,EA,,118.00,EA
PVC-0002,EA,,2.99,EA
PVC-0003,EA,,237.50,EA
PVC-0005,EA,,188.80,EA
PVC-0006,EA,,376.80,EA
PVC-0007,EA,,375.12,EA
PVC-0008,EA,,268.99,EA
RIG-0001,EA,4T,30.93,EA
RIG-0002,EA,4T,79.07,EA
RIG-0003,EA,4T,57.82,EA
RIG-0005,EA,4T,95.39,EA
RIG-0006,EA,4T,37.14,EA
RIG-0007,EA,4T,70.72,EA
RIG-0008,EA,4T,23.85,EA
RIG-0009,EA,4T,37.64,EA
RIG-0010,EA,4T,99.17,EA
ROF-0001,EA,,1997.00,EA
ROF-0002,EA,,5884.36,EA
ROF-0003,EA,,6141.67,EA
ROF-0015,EA,,167.04,EA
ROF-0016,EA,,18.14,EA
ROF-0018,EA,,169.60,EA
ROF-0019,EA,,128.63,EA
ROF-0020,EA,,10.56,EA
ROF-0023,EA,,83.78,EA
ROF-0024,EA,,172.20,EA
ROF-0025,EA,BOX,3.39,EA
ROF-0028,EA,,11.05,EA
ROF-0029,EA,,8.70,EA
ROF-0030,EA,,11.25,EA
ROF-0031,EA,,10.80,EA
ROF-0032,EA,,12.00,EA
ROF-0138,EA,,3.85,EA
ROF-0139,EA,,20.32,EA
ROF-0140,EA,,31.50,EA
ROF-0141,EA,,20.32,EA
ROF-0143,EA,,92.05,EA
ROF-0144,EA,,81.65,EA
ROF-0145,EA,,32.00,EA
ROF-0146,EA,,36.50,EA
ROF-0147,EA,,36.50,EA
ROF-0148,EA,,33.50,EA
ROF-0149,EA,,33.50,EA
ROF-0150,EA,,356.25,EA
ROF-0166,EA,,2961.14,EA
ROF-0181,EA,,2961.14,EA
ROF-0196,EA,,4551.84,EA
ROF-0211,EA,,117.00,EA
ROF-0212,EA,,2.70,EA
ROF-0213,EA,,9.78,EA
ROF-0214,EA,,48.90,EA
ROF-0215,EA,,43.90,EA
ROF-0216,EA,,5.90,EA
ROF-0217,EA,,60.90,EA
ROF-0218,EA,,36.55,EA
ROF-0219,EA,,24.40,EA
ROF-0220,EA,,76.50,EA
ROF-0221,EA,,76.50,EA
ROF-0222,EA,,63.50,EA
ROF-0224,EA,,44.40,EA
ROF-0225,EA,,35.55,EA
ROF-0226,EA,,44.40,EA
ROF-0227,EA,,35.55,EA
ROF-0228,EA,,33.50,EA
ROF-0229,EA,,50.25,EA
ROF-0230,EA,,33.50,EA
ROF-0231,EA,,50.25,EA
ROF-0232,EA,,29.25,EA
ROF-0233,EA,,18.25,EA
ROF-0234,EA,,24.35,EA
ROF-0235,EA,,21.75,EA
ROF-0236,EA,,21.75,EA
ROF-0237,EA,,17.17,EA
ROF-0238,EA,,18.12,EA
ROF-0239,EA,,58.50,EA
ROF-0240,EA,,52.20,EA
ROF-0241,EA,,0.01,EA
ROF-0242,EA,,0.01,EA
ROF-0243,EA,,0.01,EA
ROF-0244,EA,,0.01,EA
ROF-0245,EA,,0.01,EA
ROF-0246,EA,,0.01,EA
ROF-0247,EA,,0.01,EA
ROF-0248,EA,,0.01,EA
ROF-0249,EA,,0.01,EA
ROF-0250,EA,,0.01,EA
ROF-0251,EA,,0.01,EA
ROF-0252,EA,,0.01,EA
ROF-0253,EA,,0.01,EA
ROF-0254,EA,,0.01,EA
RWP-0001,EA,,57.96,EA
RWP-0003,EA,,37.50,EA
RWP-0006,EA,,8.59,EA
RWP-0007,EA,,0.60,EA
RWP-0009,EA,,137.90,EA
RWP-0010,EA,,176.83,EA
RWP-0011,EA,,56.80,EA
RWP-0012,EA,,41.20,EA
RWP-0013,EA,,57.03,EA
RWP-0014,EA,,117.37,EA
RWP-0015,EA,,34.51,EA
RWP-0016,EA,,17.45,EA
RWP-0017,EA,,17.45,EA
RWP-0018,EA,,8.18,EA
RWP-0019,EA,,10.24,EA
RWP-0020,EA,,30.51,EA
RWP-0021,EA,,95.60,EA
RWP-0022,EA,,93.20,EA
RWP-0023,EA,,73.54,EA
RWP-0024,EA,,93.20,EA
RWP-0025,EA,,95.60,EA
RWP-0026,EA,,31.80,EA
RWP-0027,EA,,448.25,EA
RWP-0028,EA,,5.10,EA
RWP-0029,EA,,82.80,EA
RWP-0030,EA,,37.15,EA
RWP-0031,EA,,0.01,EA
SHE-0001,EA,,174.88,EA
SIL-0001,EA,BOX,5.86,EA
SIL-0004,EA,BOX,0.90,EA
SIL-0009,EA,BOX,3.12,EA
SIL-0010,EA,BOX,3.12,EA
SIL-0011,EA,BOX,11.13,EA
SIL-0012,EA,BOX,1.69,EA
STA-0001,EA,,898.80,EA
STA-0002,EA,,449.40,EA
STA-0003,EA,,149.80,EA
STA-0004,EA,,985.80,EA
STA-0005,EA,,492.90,EA
STA-0006,EA,,164.30,EA
STA-0008,EA,,898.80,EA
STA-0009,EA,,449.40,EA
STA-0010,EA,,149.80,EA
STA-0011,EA,,985.80,EA
STA-0012,EA,,492.90,EA
STA-0013,EA,,164.30,EA
STA-0014,EA,,985.80,EA
STA-0015,EA,,492.90,EA
STA-0016,EA,,164.30,EA
STA-0017,EA,,985.80,EA
STA-0018,EA,,492.90,EA
STA-0019,EA,,164.30,EA
STA-0020,EA,,985.80,EA
STA-0021,EA,,492.90,EA
STA-0022,EA,,164.30,EA
STA-0023,EA,,1087.20,EA
STA-0024,EA,,543.60,EA
STA-0025,EA,,181.20,EA
STA-0026,EA,,985.80,EA
STA-0027,EA,,492.90,EA
STA-0028,EA,,164.30,EA
STA-0029,EA,,1087.20,EA
STA-0030,EA,,543.60,EA
STA-0031,EA,,181.20,EA
SUR-0019,EA,,35.90,EA
SUR-0020,EA,,103.00,EA
SUR-0021,EA,,103.00,EA
SUR-0022,EA,,41.00,EA
SUR-0023,EA,,35.90,EA
SUR-0024,EA,,46.75,EA
SUR-0025,EA,,46.75,EA
SUR-0026,EA,,61.50,EA
SUR-0027,EA,,56.25,EA
SUR-0028,EA,,56.25,EA
SUR-0029,EA,,71.75,EA
SUR-0030,EA,,46.75,EA
SUR-0031,EA,,46.75,EA
SUR-0032,EA,,35.90,EA
SUR-0033,EA,,56.50,EA
SUR-0034,EA,,56.50,EA
SUR-0036,EA,,25.65,EA
SUR-0037,EA,,46.75,EA
SUR-0038,EA,,46.75,EA
SUR-0039,EA,,29.50,EA
SUR-0040,EA,,25.65,EA
SUR-0041,EA,,46.75,EA
SUR-0042,EA,,46.75,EA
SUR-0043,EA,,29.50,EA
SUR-0044,EA,,61.50,EA
SUR-0045,EA,,103.00,EA
SUR-0046,EA,,103.00,EA
SUR-0047,EA,,70.80,EA
SUR-0048,EA,,35.90,EA
SUR-0049,EA,,51.60,EA
SUR-0050,EA,,51.60,EA
SUR-0052,EA,,25.65,EA
SUR-0053,EA,,40.00,EA
SUR-0054,EA,,40.00,EA
SUR-0055,EA,,29.50,EA
SUR-0056,EA,,25.65,EA
SUR-0057,EA,,51.60,EA
SUR-0058,EA,,50.60,EA
SUR-0064,EA,,123.00,EA
SUR-0065,EA,,51.60,EA
SUR-0066,EA,,51.60,EA
SUR-0067,EA,,123.00,EA
SUR-0068,EA,,39.00,EA
SUR-0069,EA,,51.60,EA
SUR-0070,EA,,51.60,EA
SUR-0071,EA,,43.00,EA
SUR-0072,EA,,35.90,EA
SUR-0073,EA,,103.00,EA
SUR-0074,EA,,103.00,EA
SUR-0075,EA,,58.00,EA
SUR-0076,EA,,98.00,EA
SUR-0077,EA,,98.00,EA
SUR-0078,EA,,123.00,EA
SUR-0079,EA,,48.00,EA
SUR-0080,EA,,48.00,EA
SWB-0003,EA,4T,1.32,PAC
SWB-0005,EA,4T,3.35,PAC
SWB-0006,EA,4T,2.58,PAC
SWB-0007,EA,,2.56,EA
SWB-0008,EA,4T,15.64,EA
TAP-0002,EA,BOX,5.52,EA
TAP-0003,EA,BOX,14.73,EA
TAP-0004,EA,BOX,41.43,EA
TIL-0001,EA,BOX,3.96,BOX
TIL-0002,EA,BOX,7.85,BOX
TIL-0005,EA,BOX,5.56,BOX
TIL-0006,BOX,,5.40,BOX
TIL-0008,EA,,500.69,EA
TIL-0010,EA,,0.90,EA
TIL-0011,EA,,2.50,EA
TIL-0012,EA,,20.00,EA
TIL-0013,EA,,2.92,EA
TIM-0001,EA,,65.52,EA
TIM-0002,EA,,27.10,EA
TIM-0003,EA,,23.70,EA
TIM-0004,EA,,49.14,EA
TIM-0005,EA,,45.99,EA
TIM-0007,EA,,20.31,EA
TIM-0008,EA,,9.48,EA
TIM-0010,EA,,4.06,EA
TIM-0011,EA,,10.80,EA
TIM-0014,EA,,20.74,EA
TIM-0017,EA,,4.00,EA
TIM-0018,EA,,5.16,EA
TIM-0019,EA,,6.48,EA
TIM-0024,EA,,14.66,EA
TIM-0025,EA,,6.32,EA
TIM-0026,EA,,4.94,EA
TIM-0027,EA,,2.11,EA
TIM-0028,EA,,2.71,EA
TIM-0029,EA,,6.48,EA
TIM-0032,EA,,12.00,EA
TIM-0036,EA,,1.64,EA
TIM-0037,EA,,9.93,EA
TIM-0038,M,,1.31,M
TIM-0039,M,,2.31,M
TIM-0040,EA,,4.23,EA
TIM-0041,EA,,99.00,EA
TIM-0042,EA,,99.00,EA
TIM-0044,EA,,76.75,EA
TIM-0045,EA,,64.86,EA
TIM-0046,EA,,64.86,EA
TIM-0047,EA,,6.88,EA
TIM-0048,EA,,31.02,EA
TIM-0049,EA,,13.62,EA
TIM-0050,EA,,31.05,EA
TIM-0051,EA,,90.00,EA
TIM-0052,EA,,38.88,EA
TIM-0053,EA,,99.00,EA
TIM-0054,EA,,51.75,EA
TIM-0055,EA,,39.60,EA
TIM-0056,EA,,103.50,EA
TIM-0057,EA,,33.88,EA
TIM-0058,EA,,60.75,EA
TIM-0059,EA,,30.38,EA
TIM-0060,EA,,60.75,EA
TIM-0061,EA,,20.35,EA
TIM-0062,EA,,4.37,EA
TIM-0063,EA,,6.91,EA
TIM-0064,EA,,4.80,EA
TIM-0065,EA,,2.54,EA
TIM-0066,EA,,2.99,EA
TIM-0067,EA,,12.39,EA
TIM-0068,EA,,6.71,EA
TIM-0069,EA,,2.21,EA
VAN-0001,EA,,164.62,EA
VAN-0002,EA,,164.62,EA
VAN-0008,EA,,149.18,EA
VAN-0009,EA,,84.09,EA
VAN-0010,EA,,41.06,EA
VAN-0011,EA,,121.16,EA
VAN-0012,EA,,106.58,EA
VAN-0013,EA,,106.58,EA
VAN-0015,EA,,121.92,EA
VAN-0016,EA,,106.58,EA
VAN-0017,EA,,106.58,EA
VAN-0018,EA,,121.16,EA
VAN-0019,EA,,121.92,EA
VAN-0020,EA,,106.58,EA
VAN-0021,EA,,41.06,EA
VAN-0022,EA,,106.58,EA
VAN-0023,EA,,118.42,EA
VAN-0024,EA,,118.42,EA
VAN-0025,EA,,328.20,EA
VEL-0003,EA,,172.50,EA
VEL-0004,EA,,128.99,EA
VEL-0005,EA,,259.60,EA
VEL-0006,EA,,237.00,EA
VEL-0007,EA,,42.50,EA
VEL-0008,EA,,18.72,EA
VEL-0009,EA,,36.80,EA
VEL-0010,EA,,302.07,EA
VEL-0011,EA,,401.21,EA
WIN-0001,EA,,712.00,EA
WIN-0002,EA,,874.38,EA
WIN-0007,EA,,536.58,EA
WIN-0008,EA,,536.58,EA
WIN-0009,EA,,195.49,EA
WIN-0012,EA,,775.70,EA
WIN-0013,EA,,775.70,EA
WIN-0014,EA,,477.12,EA
WIN-0015,EA,,477.12,EA
WIN-0016,EA,,850.78,EA
WIN-0017,EA,,850.78,EA
WIN-0018,EA,,742.50,EA
WIN-0019,EA,,742.50,EA
WIN-0020,EA,,944.00,EA
WIN-0021,EA,,944.00,EA
WIN-0028,EA,,712.00,EA
WIN-0029,EA,,453.27,EA
WIN-0030,EA,,453.27,EA
WIN-0031,EA,,907.12,EA
WIN-0034,EA,,907.12,EA
WIN-0035,EA,,18.07,EA
WIN-0036,EA,,0.01,EA
WIN-0037,EA,,958.67,EA
WIN-0038,EA,,1692.77,EA
WIN-0039,EA,,1151.15,EA
WIN-0042,EA,,489.74,EA
WIN-0043,EA,,489.74,EA
WIN-0047,EA,,413.82,EA
WIN-0048,EA,,413.82,EA
WIN-0049,EA,,814.12,EA
WIN-0050,EA,,814.12,EA
WIN-0051,EA,,697.42,EA
WIN-0052,EA,,697.42,EA
WIN-0055,EA,,997.83,EA
WIN-0056,EA,,997.83,EA
WIN-0057,EA,,740.91,EA
WIN-0059,EA,,536.45,EA
WIN-0060,EA,,536.45,EA
WIN-0061,EA,,958.67,EA
WIN-0069,EA,,1212.22,EA
WIN-0070,EA,,1212.22,EA
WIN-0071,EA,,740.91,EA
WIN-0073,EA,,775.78,EA
WIN-0075,EA,,775.78,EA
WIN-0076,EA,,141.00,EA
WIN-0077,EA,,256.79,EA
WIN-0078,EA,,448.59,EA
WIN-0080,EA,,296.98,EA
WIN-0082,EA,,874.38,EA
WIN-0084,EA,,448.59,EA
WIN-0088,EA,,105.75,EA
WIN-0099,EA,,574.38,EA
WIN-0100,EA,,1500.00,EA
WIN-0106,EA,,746.61,EA
WIN-0107,EA,,746.61,EA
WIN-0108,EA,,946.29,EA
WIN-0109,EA,,946.29,EA
WIN-0110,EA,,746.61,EA
WIN-0111,EA,,746.61,EA
WIN-0112,EA,,1151.15,EA
WIN-0113,EA,,1151.15,EA
WIN-0114,EA,,1212.22,EA
WIN-0115,EA,,1212.22,EA
ZIP-0001,EA,,75.75,EA
ZIP-0002,EA,,36.54,EA
ZIP-0003,EA,,18.06,EA
ZIP-0004,EA,,74.62,EA
ZIP-0005,EA,,25.36,EA
ZIP-0006,EA,,22.74,EA
ZIP-0007,EA,,14.37,EA
ADH-0044,EA,,8.16,EA
ADH-0045,EA,,12.25,EA
ADH-0046,EA,,21.70,EA
FFE-0011,EA,,4.95,EA
FFE-0012,EA,BOX,4.50,EA
FFE-0013,EA,BOX,3.79,EA
FIX-0127,BOX,,37.26,BOX
FIX-0128,PAC,,1.80,BOX
FIX-0129,BOX,,53.50,PAC
FIX-0130,BOX,,10.57,BOX
FIX-0131,BOX,,34.14,BOX
FIX-0132,BOX,,6.55,BOX
FIX-0133,BOX,,13.88,BOX
CAP-0042,EA,,168.00,EA
ELE-0606,EA,,28.50,EA
ELE-0607,EA,,28.50,EA
ELE-0610,EA,,48.78,EA
ELE-0611,EA,,2.70,EA
ELE-0612,EA,,8.50,EA
ELE-0617,EA,,55.36,EA
ELE-0618,EA,,55.26,EA
ELE-0619,EA,,57.89,EA
ELE-0620,EA,,57.89,EA
ELE-0621,EA,,50.00,EA
ELE-0631,EA,,25.02,EA
ELE-0632,EA,,26.91,EA
ELE-0634,EA,,11.10,EA
ELE-0635,EA,,11.10,EA
ELE-0636,EA,,8.58,EA
ELE-0639,EA,,7.80,EA
ELE-0640,EA,,11.51,EA
ELE-0641,EA,,12.04,EA
ELE-0642,EA,,12.09,EA
ELE-0644,EA,,9.73,EA
ELE-0645,EA,,19.11,EA
ELE-0648,EA,,16.72,EA
ELE-0649,EA,,14.88,EA
ELE-0652,EA,,25.34,EA
ELE-0653,EA,,50.00,EA
ELE-0654,EA,,55.26,EA
ELE-0655,EA,,55.26,EA
ELE-0656,EA,,50.00,EA
ELE-0657,EA,,13.18,EA
ELE-0658,EA,,11.57,EA
ELE-0659,EA,,7.70,EA
ELE-0660,EA,,7.36,EA
ELE-0661,EA,,22.20,EA
ELE-0662,EA,,4.80,EA
MDR-0131,EA,,0.80,EA
MWA-0103,EA,,2.90,EA
PUR-0048,EA,,4.97,EA
ROF-0255,EA,,0.01,EA
ROF-0259,EA,,28.50,EA
ROF-0260,EA,,28.50,EA
ROF-0261,EA,,48.78,EA
ROF-0262,EA,,2.70,EA
SUR-0051,EA,,0.01,EA
TIL-0014,EA,,4.86,EA
TIL-0015,EA,,2.25,EA
TIM-0006,EA,,12.73,EA
ACC-0006,EA,,0.56,EA
ELE-0703,EA,,952.53,EA
ELE-0704,EA,,1037.22,EA
ELE-0705,EA,,1077.76,EA
ELE-0706,EA,,896.09,EA
FIX-0031,BOX,,3.40,BOX
FIX-0134,BOX,,3.64,BOX
MWA-0104,EA,,517.97,EA
MWA-0105,EA,,577.35,EA
RWP-0032,EA,EA,117.37,EA
RWP-0033,EA,EA,34.51,EA
RWP-0034,EA,,17.45,EA
RWP-0035,EA,,17.45,EA
RWP-0036,EA,,8.18,EA
ELE-0707,EA,,0.15,EA
ELE-0708,EA,,0.15,EA
ELE-0709,EA,,7.80,EA
ELE-0710,EA,,0.15,EA
FAB-0095,EA,,27.80,EA
FAB-0096,EA,,7.15,EA
HEA-0020,EA,,22.32,EA
LIF-0001,EA,,59.00,EA
MEM-0011,EA,,229.50,EA
MEM-0012,EA,,289.45,EA
TIM-0071,EA,,84.86,EA
ROF-0263,EA,EA,92.50,EA
FFE-0014,EA,EA,42.26,M
PUR-0050,EA,EA,19.56,EA
ELE-0711,EA,EA,67.06,EA
FIX-0137,EA,EA,34.94,EA
MDR-0134,EA,EA,1.33,EA
MWA-0106,EA,EA,0.98,EA
MWA-0107,EA,EA,1.38,EA
MWA-0108,EA,EA,1.68,EA
MWA-0109,EA,EA,2.29,EA
MWA-0110,EA,EA,1.70,EA
MWA-0111,EA,EA,1.32,EA
MWA-0112,EA,EA,1.86,EA
MWA-0113,EA,EA,1.26,EA
MWA-0114,EA,EA,1.86,EA
MWA-0115,EA,EA,1.20,EA
MWA-0116,EA,EA,1.75,EA
MWA-0117,EA,EA,1.45,EA
MWA-0118,EA,EA,1.30,EA
MWA-0119,EA,EA,1.64,EA
MWA-0120,EA,EA,3.78,EA
MWA-0121,EA,EA,3.78,EA
MWA-0122,EA,EA,3.11,EA
MWA-0123,EA,EA,2.73,EA
MWA-0124,EA,EA,5.14,EA
MWA-0125,EA,EA,0.21,EA
MWA-0126,EA,EA,0.21,EA
MWA-0127,EA,EA,0.28,EA
MWA-0128,EA,EA,0.09,EA
MWA-0129,EA,EA,7.22,EA
MWA-0130,EA,EA,0.96,EA
MWA-0131,EA,EA,1.35,EA
MWA-0132,EA,EA,0.12,EA
MWA-0133,EA,EA,0.15,EA
MWA-0134,EA,EA,0.15,EA
MWA-0135,M,M,0.85,M
MWA-0136,M,M,1.00,M
MWA-0137,M,M,1.98,M
ELE-0713,EA,EA,17.80,EA
ELE-0712,EA,EA,10.54,EA
ELE-0714,EA,EA,63.92,EA
TIM-0072,EA,EA,96.93,EA
FIX-0139,EA,EA,29.73,ea
PUR-0051,EA,EA,1.73,ea
CAR-0018,EA,EA,179.28,ea
FIX-0140,EA,EA,15.22,ea
KIT-0106,EA,EA,556.50,EA
KIT-0107,EA,EA,181.12,EA
TIM-0073,EA,EA,30.38,M
ADH-0048,EA,EA,175.26,L
KIT-0108,EA,EA,52.16,EA
PNT-0019,TIN,TIN,39.52,L
403-RM-02_FLOOR,EA,,,EA
403-RM-02_ROOF-01,EA,,,EA
403-RM-02_ROOF-02,EA,,,EA
403-RM-02_ROOF-03,EA,,,EA
403-RM-02_RACK-03,EA,,,EA
403-RM-02_NLB-01,EA,,,EA
403-RM-02_NLB-05,EA,,,EA
403-RM-02_NLB-06,EA,,,EA
403-RM-02_NLB-07,EA,,,EA
403-RM-02_EXT-01-GABLE,EA,,,EA
403-RM-02_EXT-02-PARTY,EA,,,EA
403-RM-02_RACK-04,EA,,,EA
403-RM-02_NLB-02,EA,,,EA
403-RM-02_NLB-03,EA,,,EA
403-RM-02_NLB-04,EA,,,EA
403-RM-02_NLB-08,EA,,,EA
403-RM-02_RACK-12,EA,,,EA
403-RM-02_NLB-10,EA,,,EA
403-RM-02_NLB-09,EA,,,EA
403-RM-02_BREATHER_MEMBRANE,EA,,,EA
403-RM-02_RUBBER_MEMBRANE,EA,,,EA
403-RM-02_FRAMING_MVHR,EA,,,EA
403-RM-02_BATHROOM_PANEL,EA,,,EA
403-RM-02_ENSUITE_FRAME,EA,,,EA
403-RM-02_BATHROOM_FRAME,EA,,,EA
403-RM-02_DORMER_GUTTER_FRAME,EA,,,EA
403-RM-02_floor_Cover,EA,,,EA
403-RM-02_ROOF-LOOSE,EA,,,EA
403-RM-02_FLOOR_PIPES,EA,,,EA
403-LL-02_BREATHER_MEMBRANE,EA,,,EA
403-LL-02_RUBBER_MEMBRANE,EA,,,EA
403-LL-02_FRAMING_MVHR,EA,,,EA
403-LL-02_BATHROOM_PANEL,EA,,,EA
403-LL-02_ENSUITE_FRAME,EA,,,EA
403-LL-02_BATHROOM_FRAME,EA,,,EA
403-LL-02_DORMER_GUTTER_FRAME,EA,,,EA
403-LL-02_floor_Cover,EA,,,EA
403-LL-02_ROOF-LOOSE,EA,,,EA
403-LL-02_FLOOR_PIPES,EA,,,EA
403-LM-02_FLOOR,EA,,,EA
403-LM-02_ROOF-01,EA,,,EA
403-LM-02_ROOF-02,EA,,,EA
403-LM-02_ROOF-03,EA,,,EA
403-LM-02_RACK-03,EA,,,EA
403-LM-02_NLB-01,EA,,,EA
403-LM-02_NLB-05,EA,,,EA
403-LM-02_NLB-06,EA,,,EA
403-LM-02_NLB-07,EA,,,EA
403-LM-02_EXT-01-GABLE,EA,,,EA
403-LM-02_EXT-02-PARTY,EA,,,EA
403-LM-02_RACK-04,EA,,,EA
403-LM-02_NLB-02,EA,,,EA
403-LM-02_NLB-03,EA,,,EA
403-LM-02_NLB-04,EA,,,EA
403-LM-02_NLB-08,EA,,,EA
403-LM-02_RACK-12,EA,,,EA
403-LM-02_NLB-10,EA,,,EA
403-LM-02_NLB-09,EA,,,EA
403-LM-02_BREATHER_MEMBRANE,EA,,,EA
403-LM-02_RUBBER_MEMBRANE,EA,,,EA
403-LM-02_FRAMING_MVHR,EA,,,EA
403-LM-02_BATHROOM_PANEL,EA,,,EA
403-LM-02_ENSUITE_FRAME,EA,,,EA
403-LM-02_BATHROOM_FRAME,EA,,,EA
403-LM-02_DORMER_GUTTER_FRAME,EA,,,EA
403-LM-02_floor_Cover,EA,,,EA
403-LM-02_ROOF-LOOSE,EA,,,EA
403-LM-02_FLOOR_PIPES,EA,,,EA
403-LR-02_FLOOR,EA,,,EA
403-LR-02_ROOF-01,EA,,,EA
403-LR-02_ROOF-02,EA,,,EA
403-LR-02_ROOF-03,EA,,,EA
403-LR-02_RACK-03,EA,,,EA
403-LR-02_NLB-01,EA,,,EA
403-LR-02_NLB-05,EA,,,EA
403-LR-02_NLB-06,EA,,,EA
403-LR-02_NLB-07,EA,,,EA
403-LR-02_EXT-01-GABLE,EA,,,EA
403-LR-02_EXT-02-PARTY,EA,,,EA
403-LR-02_RACK-04,EA,,,EA
403-LR-02_NLB-02,EA,,,EA
403-LR-02_NLB-03,EA,,,EA
403-LR-02_NLB-04,EA,,,EA
403-LR-02_NLB-08,EA,,,EA
403-LR-02_RACK-12,EA,,,EA
403-LR-02_NLB-10,EA,,,EA
403-LR-02_NLB-09,EA,,,EA
403-LR-02_BREATHER_MEMBRANE,EA,,,EA
403-LR-02_RUBBER_MEMBRANE,EA,,,EA
403-LR-02_FRAMING_MVHR,EA,,,EA
403-LR-02_BATHROOM_PANEL,EA,,,EA
403-LR-02_ENSUITE_FRAME,EA,,,EA
403-LR-02_BATHROOM_FRAME,EA,,,EA
403-LR-02_DORMER_GUTTER_FRAME,EA,,,EA
403-LR-02_floor_Cover,EA,,,EA
403-LR-02_ROOF-LOOSE,EA,,,EA
403-LR-02_FLOOR_PIPES,EA,,,EA
ELE-0715,EA,EA,0.73,EA
ELE-0716,EA,EA,0.58,EA
ELE-0717,M,EA,3.49,EA
ELE-0718,EA,EA,150.60,EA
TIM-0074,EA,EA,10.80,M
TIM-0075,EA,EA,6.00,M
TIM-0076,EA,EA,4.03,M
IRN-0009,EA,EA,2.50,ea
IRN-0010,EA,EA,2.50,ea
IRN-0011,EA,EA,2.50,ea
IRN-0012,EA,EA,2.50,ea
IRN-0013,EA,EA,2.50,ea
IRN-0014,EA,EA,2.50,ea
IRN-0015,EA,EA,2.50,ea
IRN-0016,EA,EA,2.50,ea
IRN-0017,EA,EA,2.50,ea
IRN-0018,EA,EA,2.50,ea
ELE-0719,EA,EA,1.82,M
CAV-0007,EA,EA,66.94,EA
ACC-0007,EA,EA,4.00,EA
ACC-0008,EA,EA,9.50,EA
ELE-0755,EA,EA,27.40,M
ELE-0754,EA,EA,28.25,M
ELE-0753,EA,EA,38.40,M
ELE-0752,EA,EA,64.75,M
ELE-0751,EA,EA,95.00,M
ELE-0750,EA,EA,245.50,M
ELE-0749,EA,EA,39.50,M
ELE-0748,EA,EA,33.85,M
ELE-0747,EA,EA,65.45,M
ELE-0756,ROL,ROL,40.00,M
ELE-0746,EA,EA,25.00,M
ELE-0720,EA,EA,7.49,EA
VAN-0026,EA,EA,21.00,EA
VAN-0027,EA,EA,10.27,EA
AIR-0059,EA,EA,7.27,EA
FIX-0136,BOX,BOX,25.20,BOX
ELE-0745,EA,EA,11.09,EA
ELE-0744,EA,EA,4.40,M
ELE-0743,EA,EA,5.80,M
ELE-0742,EA,EA,5.40,M
ELE-0741,EA,EA,5.40,M
ELE-0740,EA,EA,0.27,EA
ELE-0772,EA,EA,0.04,EA
ELE-0773,EA,EA,0.01,M
ELE-0771,EA,EA,4.20,EA
ELE-0770,EA,EA,0.01,EA
ELE-0769,EA,EA,0.01,EA
ELE-0768,EA,EA,0.01,EA
ELE-0767,EA,EA,0.01,EA
ELE-0766,EA,EA,0.01,EA
KIT-0109,EA,EA,77.50,EA
VAN-0028,EA,EA,106.58,EA
VAN-0029,EA,EA,106.58,EA
INS-0014,EA,EA,35.10,M
TIM-0077,EA,EA,9.32,M
TIM-0078,EA,EA,7.59,M
TIM-0079,EA,EA,0.83,M
TIM-0080,EA,EA,4.62,M
TIM-0081,EA,EA,4.13,M
PUR-0052,EA,EA,4.00,EA
PUR-0053,EA,EA,1.10,EA
PUR-0054,EA,EA,0.35,EA
ELE-0765,EA,EA,0.01,EA
ELE-0764,EA,EA,0.01,EA
ELE-0763,EA,EA,0.01,EA
ELE-0762,EA,EA,0.01,EA
ELE-0761,EA,EA,0.01,EA
ELE-0760,EA,EA,0.01,EA
ELE-0759,EA,EA,0.01,EA
ELE-0758,EA,EA,0.01,EA
ELE-0757,EA,EA,0.01,EA
ELE-0721,EA,EA,0.01,EA
ELE-0722,EA,EA,0.01,EA
ELE-0723,EA,EA,0.01,EA
ELE-0724,EA,EA,0.01,EA
ELE-0725,EA,EA,0.01,EA
ELE-0726,EA,EA,0.01,EA
ELE-0727,EA,EA,0.01,EA
ELE-0728,EA,EA,0.01,EA
ELE-0729,EA,EA,0.01,EA
ELE-0730,EA,EA,0.01,EA
ELE-0731,EA,EA,0.01,EA
ELE-0732,EA,EA,0.01,EA
ELE-0733,EA,EA,0.01,EA
ELE-0734,EA,EA,0.01,EA
ELE-0735,EA,EA,0.01,EA
ELE-0736,EA,EA,0.01,EA
ELE-0737,EA,EA,0.01,EA
ELE-0738,EA,EA,0.01,EA
ELE-0739,EA,EA,0.01,EA
402-RR-00_UNDER-STAIR-CEILING,EA,,,EA
402-RR-00_GF-WC-WHB-FRAME,EA,,,EA
402-RR-00_GF-EXT-02-PARTY,EA,,,EA
402-RR-00_GF-NLB-03,EA,,,EA
402-RR-00_GF-CEILING-COVER,EA,,,EA
402-RR-00_GF-FLOOR,EA,,,EA
402-RR-00_GF-NLB-01,EA,,,EA
402-RR-00_GF-EXT-05-GARAGE,EA,,,EA
402-RR-00_GF-EXT-06-GARAGE,EA,,,EA
402-RR-00_GF-EXT-01-GABLE,EA,,,EA
402-RR-00_GF-CEILING,EA,,,EA
402-RR-00_GF-GARAGE-BRACE,EA,,,EA
402-RR-00_GF-EXT-07-GARAGE,EA,,,EA
402-RR-00_GF-EXT-05-BACK,EA,,,EA
402-RR-00_GF-NLB-02,EA,,,EA
402-RR-00_GF-RACK-01,EA,,,EA
402-RR-00_GF-EXT-04-FRONT,EA,,,EA
402-RR-00_CEILING-INFILL,EA,,,EA
402-RR-01_FF-NLB-04,EA,,,EA
402-RR-01_FF-NLB-05,EA,,,EA
402-RR-01_FF-NLB-06,EA,,,EA
402-RR-01_FF-FLOOR-COVER,EA,,,EA
402-RR-01_FF-CEILING,EA,,,EA
402-RR-01_FF-NLB-03,EA,,,EA
402-RR-01_FF-CEILING-COVER,EA,,,EA
402-RR-01_FF-EXT-02-PARTY,EA,,,EA
402-RR-01_FF-EXT-01-GABLE,EA,,,EA
402-RR-01_FF-FLOOR,EA,,,EA
402-RR-01_FF-NLB-01,EA,,,EA
402-RR-01_FF-EXT-04-BACK,EA,,,EA
402-RR-01_FF-NLB-08,EA,,,EA
402-RR-01_FF-NLB-07,EA,,,EA
402-RR-01_FF-RACK-02,EA,,,EA
402-RR-01_FF-RACK-01,EA,,,EA
402-RR-01_FF-EXT-03 FRONT,EA,,,EA
402-RR-01_FF-WC-WHB-FRAME,EA,,,EA
402-RR-01_FF-NLB-02,EA,,,EA
FIX-0138,EA,EA,11.63,EA
KIT-0103,EA,EA,4.56,EA
KIT-0104,EA,EA,160.85,EA
KIT-0105,EA,EA,9.12,EA
MEM-0013,ROL,ROL,30.94,M
402-RR-00_GF-FRAMING-BREATHER,EA,,,EA
402-RR-00_GF-BOX-BREATHER,EA,,,EA
402-RR-00_GF-EPDM,EA,,,EA
402-RR-00_GF-MVHR,EA,,,EA
402-RR-00_GF-WC-WHB-PANEL,EA,,,EA
402-RR-00_GF-WASTE-PIPE,EA,,,EA
402-RR-00_GF-WATER-PIPE,EA,,,EA
402-RR-00_GF-LIFTING-BARS,EA,,,EA
402-RR-00_GF-SURROUNDS,EA,,,EA
402-RR-00_GF-KITCHEN-SINK,EA,,,EA
402-RR-00_GF-UNDER-STAIR-PLUMBING,EA,,,EA
402-RR-00_GF-GARAGE-PLUMBING,EA,,,EA
402-RR-00_GF-CONDUIT,EA,,,EA
402-RR-00_GF-GABLE-BATTENS,EA,,,EA
402-RR-00_GF-MID-BATTENS,EA,,,EA
402-RR-00_GF-ELEC_MOUNTING,EA,,,EA
402-RR-00_GF-UNDER-STAIR-BOXING,EA,,,EA
402-RR-00_GF-FIRE-COMPARTMENT,EA,,,EA
402-RR-02_DRM-02,EA,,,EA
402-RR-02_EXT-02-PARTY,EA,,,EA
402-RR-02_ROOF-01,EA,,,EA
402-RR-02_DRM-03,EA,,,EA
402-RR-02_FLOOR,EA,,,EA
402-RR-02_NLB-03,EA,,,EA
402-RR-02_RACK-03,EA,,,EA
402-RR-02_RACK-01,EA,,,EA
402-RR-02_NLB-01,EA,,,EA
402-RR-02_NLB-02,EA,,,EA
402-RR-02_NLB-05,EA,,,EA
402-RR-02_NLB-04,EA,,,EA
402-RR-02_ROOF-03,EA,,,EA
402-RR-02_ROOF-02,EA,,,EA
402-RR-02_ROOF-LOOSE,EA,,,EA
402-RR-02_DRM-04,EA,,,EA
402-RR-02_EXT-01-GABLE,EA,,,EA
402-RR-02_DRM-05,EA,,,EA
402-RR-02_ROOF-04,EA,,,EA
402-RR-02_ROOF-05,EA,,,EA
402-RR-02_PAR-01,EA,,,EA
402-RR-02_EXT-03-FRONT,EA,,,EA
402-RR-02_DRM-06,EA,,,EA
402-RR-02_DRM-01,EA,,,EA
402-RR-02_NLB-11,EA,,,EA
402-RR-02_NLB-10,EA,,,EA
402-RR-02_NLB-09,EA,,,EA
402-RR-02_FLOOR-COVER,EA,,,EA
402-RR-02_NLB-13,EA,,,EA
402-RR-02_NLB-08,EA,,,EA
402-RR-02_NLB-07,EA,,,EA
402-RR-02_RACK-02,EA,,,EA
402-RR-02_NLB-06,EA,,,EA
402-RR-02_NLB-12,EA,,,EA
ANC-0039,EA,EA,20.67,EA
402-RR-01_FF-GABLE-BATTENS,EA,,,EA
402-RR-01_FF-MID-BATTENS,EA,,,EA
402-RR-01_FF-FIRE-COMPARTMENT,EA,,,EA
402-RR-01_FF-BATH-FRAME,EA,,,EA
402-RR-01_FF-CYLINDER-PANEL,EA,,,EA
402-RR-01_FF-BATHROOM-WALL,EA,,,EA
402-RR-01_FF-FRAMING-BREATHER,EA,,,EA
402-RR-01_FF-BOX-BREATHER,EA,,,EA
402-RR-01_FF-EPDM,EA,,,EA
402-RR-01_FF-MVHR,EA,,,EA
402-RR-01_FF-WC-WHB-PANEL,EA,,,EA
402-RR-01_FF-LIFTING-BARS,EA,,,EA
402-RR-01_FF-SURROUNDS,EA,,,EA
402-RR-01_FF-UNDER-STAIR-PLUMBING,EA,,,EA
402-RR-01_FF-CONDUIT,EA,,,EA
FIX-0141,EA,EA,3.19,EA
FIX-0142,EA,EA,1.33,EA
FIX-0143,EA,EA,0.71,EA
FIX-0144,EA,EA,0.57,EA
ELE-0774,EA,EA,294.10,EA
402-RR-01_SITE-R-BATTENS,EA,,,EA
402-RR-02_SF-BOX-BREATHER,EA,,,EA
402-RR-02_SF-EPDM,EA,,,EA
402-RR-02_SF-MVHR,EA,,,EA
402-RR-02_SF-WC-WHB-PANEL,EA,,,EA
402-RR-02_SF-CONDUIT,EA,,,EA
402-RR-02_SF-FIRE-COMPARTMENT,EA,,,EA
402-RR-02_SF-BATHROOM-WALL,EA,,,EA
402-RR-02_SF-WASTE-PIPE,EA,,,EA
402-RR-02_SF-ENSUITE-PANEL,EA,,,EA
402-RR-02_SF-WC-WHB-FRAME,EA,,,EA
402-RR-02_SF-ENSUITE-FRAME,EA,,,EA
402-RR-02_NLB-07_SHEETING-OUTSIDE,EA,,,EA
402-RR-02_EXT-01 GABLE_SHEETING-OUTSIDE,EA,,,EA
402-RR-02_EXT-02 PARTY_SHEETING-OUTSIDE,EA,,,EA
402-RR-02_EXT-02 PARTY_SHEETING-INSIDE,EA,,,EA
402-RR-02_RACK-02_SHEETING-OUTSIDE,EA,,,EA
402-RR-02_NLB-05_SHEETING-INSIDE,EA,,,EA
402-RR-02_NLB-05_SHEETING-OUTSIDE,EA,,,EA
402-RR-02_NLB-04_SHEETING-INSIDE,EA,,,EA
402-RR-02_NLB-04_SHEETING-OUTSIDE,EA,,,EA
402-RR-02_RACK-03_SHEETING-INSIDE,EA,,,EA
402-RR-02_FLOOR_SHEETING-INSIDE,EA,,,EA
402-RR-02_FLOOR_SHEETING-OUTSIDE,EA,,,EA
402-RR-02_RACK-01_SHEETING-INSIDE,EA,,,EA
402-RR-02_RACK-01_SHEETING-OUTSIDE,EA,,,EA
402-RR-02_NLB-01_SHEETING-INSIDE,EA,,,EA
402-RR-02_NLB-01_SHEETING-OUTSIDE,EA,,,EA
402-RR-02_NLB-07_SHEETING-INSIDE,EA,,,EA
402-RR-02_NLB-09_SHEETING-OUTSIDE,EA,,,EA
402-RR-02_NLB-10_SHEETING-OUTSIDE,EA,,,EA
402-RR-02_NLB-11_SHEETING-OUTSIDE,EA,,,EA
402-RR-02_NLB-08_SHEETING-INSIDE,EA,,,EA
402-RR-02_NLB-08_SHEETING-OUTSIDE,EA,,,EA
402-RR-02_NLB-06_SHEETING-INSIDE,EA,,,EA
402-RR-02_NLB-06_SHEETING-OUTSIDE,EA,,,EA
402-RR-02_NLB-02_SHEETING-INSIDE,EA,,,EA
402-RR-02_NLB-02_SHEETING-OUTSIDE,EA,,,EA
402-RR-02_RACK-02_SHEETING-INSIDE,EA,,,EA
402-RR-02_EXT-01 GABLE_SHEETING-INSIDE,EA,,,EA
402-RR-02_NLB-03_SHEETING-INSIDE,EA,,,EA
402-RR-02_NLB-03_SHEETING-OUTSIDE,EA,,,EA
402-RR-01_CEILING_SHEETING-OUTSIDE,EA,,,EA
402-RR-01_CEILING-COVER_SHEETING-OUTSIDE,EA,,,EA
ADH-0049,TIN,TIN,275.31,KG
ADH-0050,EA,EA,50.91,L
MEM-0014,ROL,ROL,364.29,M
APP-0010,EA,EA,369.90,EA
APP-0011,EA,EA,49.90,EA
FAB-0097,EA,EA,9.59,EA
501-RR-00_EXT-02-PARTY,EA,,,EA
501-RR-00_EXT-04-FRONT,EA,,,EA
501-RR-00_EXT-01-GABLE,EA,,,EA
501-RR-00_EXT-05-BACK,EA,,,EA
501-RR-00_RACK-01,EA,,,EA
501-RR-00_SUB-02,EA,,,EA
501-RR-00_FLOOR,EA,,,EA
501-RR-00_RACK-02,EA,,,EA
501-RR-00_CEILING,EA,,,EA
501-RR-00_RACK-03,EA,,,EA
501-RR-00_EXT-03-FRONT,EA,,,EA
501-RR-00_NLB-02,EA,,,EA
501-RR-00_SUB-CEILING-INFILL,EA,,,EA
501-RR-00_TEMP-CEILING-COVER,EA,,,EA
501-RR-00_EXT-06-FRONT,EA,,,EA
501-RR-00_SUB-CEILING-UNDERSTAIR,EA,,,EA
501-RR-00_NLB-04,EA,,,EA
501-RR-00_NLB-05,EA,,,EA
501-RR-00_SUB-03,EA,,,EA
501-RR-00_GABLE-R-BATTENS,EA,,,EA
501-RR-00_MID-R-BATTENS,EA,,,EA
501-RR-00_NLB-01-SHEETING-INSIDE,EA,,,EA
501-RR-00_NLB-01-SHEETING-OUTSIDE,EA,,,EA
501-RR-00_EXT-01 GABLE-SHEETING-INSIDE,EA,,,EA
501-RR-00_RACK-01-SHEETING-OUTSIDE,EA,,,EA
501-RR-00_NLB-04-SHEETING-INSIDE,EA,,,EA
501-RR-00_EXT-03 FRONT-SHEETING-OUTSIDE,EA,,,EA
501-RR-00_EXT-03 FRONT-SHEETING-INSIDE,EA,,,EA
501-RR-00_EXT-02 PARTY-SHEETING-INSIDE,EA,,,EA
501-RR-00_EXT-06 FRONT-SHEETING-INSIDE,EA,,,EA
402-RR-02_RACK-03_SHEETING-OUTSIDE,EA,,,EA
402-RR-01_NLB-04_SHEETING-OUTSIDE,EA,,,EA
402-RR-01_NLB-06_SHEETING-OUTSIDE,EA,,,EA
402-RR-01_NLB-07_SHEETING-INSIDE,EA,,,EA
402-RR-01_NLB-07_SHEETING-OUTSIDE,EA,,,EA
402-RR-01_EXT-01 GABLE_SHEETING-INSIDE,EA,,,EA
402-RR-01_EXT-01 GABLE_SHEETING-OUTSIDE,EA,,,EA
402-RR-01_EXT-03 FRONT_SHEETING-OUTSIDE,EA,,,EA
402-RR-01_NLB-08_SHEETING-INSIDE,EA,,,EA
402-RR-01_NLB-08_SHEETING-OUTSIDE,EA,,,EA
402-RR-01_RACK-02_SHEETING-INSIDE,EA,,,EA
402-RR-01_RACK-02_SHEETING-OUTSIDE,EA,,,EA
402-RR-01_NLB-03_SHEETING-INSIDE,EA,,,EA
402-RR-01_NLB-03_SHEETING-OUTSIDE,EA,,,EA
402-RR-01_NLB-02_SHEETING-INSIDE,EA,,,EA
402-RR-01_NLB-02_SHEETING-OUTSIDE,EA,,,EA
402-RR-01_FLOOR_SHEETING-INSIDE,EA,,,EA
402-RR-01_FLOOR_SHEETING-OUTSIDE,EA,,,EA
402-RR-01_EXT-04 BACK_SHEETING-OUTSIDE,EA,,,EA
402-RR-01_EXT-04 BACK_SHEETING-INSIDE,EA,,,EA
402-RR-01_EXT-03 FRONT_SHEETING-INSIDE,EA,,,EA
402-RR-01_EXT-02 PARTY_SHEETING-INSIDE,EA,,,EA
402-RR-01_EXT-02 PARTY_SHEETING-OUTSIDE,EA,,,EA
402-RR-01_RACK-01_SHEETING-OUTSIDE,EA,,,EA
402-RR-01_NLB-01_SHEETING-INSIDE,EA,,,EA
402-RR-01_NLB-01_SHEETING-OUTSIDE,EA,,,EA
402-RR-01_RACK-01_SHEETING-INSIDE,EA,,,EA
402-RR-01_CEILING_SHEETING-INSIDE,EA,,,EA
402-RR-01_NLB-05_SHEETING-OUTSIDE,EA,,,EA
501-RR-00_NLB-04-SHEETING-OUTSIDE,EA,,,EA
501-RR-00_NLB-05-SHEETING-INSIDE,EA,,,EA
501-RR-00_NLB-05-SHEETING-OUTSIDE,EA,,,EA
501-RR-00_RACK-02-SHEETING-INSIDE,EA,,,EA
501-RR-00_RACK-02-SHEETING-OUTSIDE,EA,,,EA
501-RR-00_EXT-05 BACK-SHEETING-INSIDE,EA,,,EA
501-RR-00_CEILING-SHEETING-INSIDE,EA,,,EA
501-RR-00_EXT-04 FRONT-SHEETING-INSIDE,EA,,,EA
501-RR-00_RACK-01-SHEETING-INSIDE,EA,,,EA
501-RR-00_SUB-03-SHEETING-OUTSIDE,EA,,,EA
501-RR-00_SUB-03-SHEETING-INSIDE,EA,,,EA
501-RR-00_SUB-02-SHEETING-OUTSIDE,EA,,,EA
501-RR-00_FLOOR-SHEETING-OUTSIDE,EA,,,EA
501-RR-00_FLOOR-SHEETING-INSIDE,EA,,,EA
501-RR-00_SUB-01-SHEETING-OUTSIDE,EA,,,EA
501-RR-00_EXT-01 GABLE-SHEETING-OUTSIDE,EA,,,EA
501-RR-00_EXT-02 PARTY-SHEETING-OUTSIDE,EA,,,EA
501-RR-00_CEILING-SHEETING-OUTSIDE,EA,,,EA
501-RR-00_EXT-04 FRONT-SHEETING-OUTSIDE,EA,,,EA
501-RR-00_EXT-05 BACK-SHEETING-OUTSIDE,EA,,,EA
501-RR-00_EXT-06 FRONT-SHEETING-OUTSIDE,EA,,,EA
501-RR-00_NLB-06,EA,,,EA
501-RR-00_BOX-BREATHER,EA,,,EA
501-RR-00_FRAMING-BREATHER,EA,,,EA
501-RR-00_NLB-01,EA,,,EA
402-RR-02_MID-R-BATTENS,EA,,,EA
402-RR-02_GABLE-R-BATTENS,EA,,,EA
402-RR-02_SITE-R-BATTENS,EA,,,EA
402-RR-02_NLB-04-SHEETING-INSIDE,EA,,,EA
402-RR-02_NLB-02-SHEETING-INSIDE,EA,,,EA
402-RR-02_NLB-03-SHEETING-OUTSIDE,EA,,,EA
402-RR-02_ROOF-03-SHEETING-INSIDE,EA,,,EA
402-RR-02_NLB-08-SHEETING-OUTSIDE,EA,,,EA
402-RR-02_NLB-08-SHEETING-INSIDE,EA,,,EA
402-RR-02_NLB-07-SHEETING-OUTSIDE,EA,,,EA
402-RR-02_NLB-07-SHEETING-INSIDE,EA,,,EA
402-RR-02_NLB-04-SHEETING-OUTSIDE,EA,,,EA
402-RR-02_ROOF-01-SHEETING-INSIDE,EA,,,EA
402-RR-02_ROOF-02-SHEETING-INSIDE,EA,,,EA
402-RR-02_RACK-01-SHEETING-INSIDE,EA,,,EA
402-RR-02_EXT-03 FRONT-SHEETING-INSIDE,EA,,,EA
402-RR-02_DRM-01-SHEETING-OUTSIDE,EA,,,EA
402-RR-02_EXT-02 PARTY-SHEETING-INSIDE,EA,,,EA
402-RR-02_EXT-01 GABLE-SHEETING-INSIDE,EA,,,EA
402-RR-02_NLB-03-SHEETING-INSIDE,EA,,,EA
402-RR-02_NLB-02-SHEETING-OUTSIDE,EA,,,EA
402-RR-02_RACK-01-SHEETING-OUTSIDE,EA,,,EA
402-RR-02_NLB-09-SHEETING-OUTSIDE,EA,,,EA
402-RR-02_NLB-10-SHEETING-OUTSIDE,EA,,,EA
402-RR-02_NLB-11-SHEETING-OUTSIDE,EA,,,EA
402-RR-02_DRM-05-SHEETING-INSIDE,EA,,,EA
402-RR-02_DRM-06-SHEETING-INSIDE,EA,,,EA
402-RR-02_NLB-13-SHEETING-INSIDE,EA,,,EA
402-RR-02_NLB-12-SHEETING-INSIDE,EA,,,EA
402-RR-02_DRM-04-SHEETING-INSIDE,EA,,,EA
402-RR-02_RACK-02-SHEETING-INSIDE,EA,,,EA
402-RR-02_RACK-03-SHEETING-OUTSIDE,EA,,,EA
402-RR-02_RACK-03-SHEETING-INSIDE,EA,,,EA
402-RR-02_NLB-01-SHEETING-INSIDE,EA,,,EA
402-RR-02_NLB-01-SHEETING-OUTSIDE,EA,,,EA
402-RR-02_ROOF-04-SHEETING-INSIDE,EA,,,EA
402-RR-02_NLB-05-SHEETING-INSIDE,EA,,,EA
402-RR-02_NLB-05-SHEETING-OUTSIDE,EA,,,EA
402-RR-02_NLB-06-SHEETING-INSIDE,EA,,,EA
402-RR-02_NLB-06-SHEETING-OUTSIDE,EA,,,EA
402-RR-02_RACK-02-SHEETING-OUTSIDE,EA,,,EA
402-RR-02_ROOF-01-SHEETING-OUTSIDE,EA,,,EA
402-RR-02_ROOF-03-SHEETING-OUTSIDE,EA,,,EA
402-RR-02_FLOOR-SHEETING-OUTSIDE,EA,,,EA
402-RR-02_FLOOR-SHEETING-INSIDE,EA,,,EA
402-RR-02_FLOOR-COVER-SHEETING-OUTSIDE,EA,,,EA
402-RR-02_ROOF-02-SHEETING-OUTSIDE,EA,,,EA
402-RR-02_EXT-02 PARTY-SHEETING-OUTSIDE,EA,,,EA
402-RR-02_EXT-01 GABLE-SHEETING-OUTSIDE,EA,,,EA
402-RR-02_DRM-04-SHEETING-OUTSIDE,EA,,,EA
402-RR-02_DRM-02-SHEETING-OUTSIDE,EA,,,EA
402-RR-02_PAR-01-SHEETING-OUTSIDE,EA,,,EA
402-RR-02_DRM-05-SHEETING-OUTSIDE,EA,,,EA
402-RR-02_DRM-06-SHEETING-OUTSIDE,EA,,,EA
402-RR-02_ROOF-04-SHEETING-OUTSIDE,EA,,,EA
402-RR-02_PAR-01-SHEETING-INSIDE,EA,,,EA
402-RR-02_DRM-03-SHEETING-OUTSIDE,EA,,,EA
402-RR-02_DRM-03-SHEETING-INSIDE,EA,,,EA
402-RR-02_EXT-03 FRONT-SHEETING-OUTSIDE,EA,,,EA
402-RR-02_DRM-01-SHEETING-INSIDE,EA,,,EA
402-RR-02_ROOF-05-SHEETING-INSIDE,EA,,,EA
402-RR-02_ROOF-05-SHEETING-OUTSIDE,EA,,,EA
402-RR-02_SF-SKYLIGHT,EA,,,EA
BRK-0063,EA,EA,21.05,EA
BRK-0064,EA,EA,22.85,EA
BRK-0065,EA,EA,19.80,EA
BRK-0066,EA,EA,33.00,EA
BRK-0067,EA,EA,25.40,EA
BRK-0068,EA,EA,28.60,EA
BRK-0069,EA,EA,31.40,EA
BRK-0070,EA,EA,31.35,EA
BRK-0071,EA,EA,19.40,EA
BRK-0072,EA,EA,15.25,EA
BRK-0073,EA,EA,14.50,EA
BRK-0074,EA,EA,20.05,EA
BRK-0075,EA,EA,33.45,EA
BRK-0076,EA,EA,25.70,EA
BRK-0077,EA,EA,29.05,EA
BRK-0078,EA,EA,31.80,EA
BRK-0079,EA,EA,31.80,EA
BRK-0080,EA,EA,15.40,EA
BRK-0081,EA,EA,16.15,EA
BRK-0082,EA,EA,12.40,EA
BRK-0083,EA,EA,14.05,EA
BRK-0084,EA,EA,15.35,EA
BRK-0085,EA,EA,21.50,EA
BRK-0086,EA,EA,33.05,EA
BRK-0087,EA,EA,24.60,EA
BRK-0088,EA,EA,14.55,EA
BRK-0089,EA,EA,21.25,EA
BRK-0090,EA,EA,24.90,EA
BRK-0091,EA,EA,27.40,EA
BRK-0092,EA,EA,23.00,EA
BRK-0093,EA,EA,13.00,EA
BRK-0094,EA,EA,17.85,EA
BRK-0095,EA,EA,5.05,EA
BRK-0096,EA,EA,25.80,EA
BRK-0097,EA,EA,13.55,EA
BRK-0098,EA,EA,14.75,EA
BRK-0099,EA,EA,5.05,EA
BRK-0100,EA,EA,29.10,EA
BRK-0101,EA,EA,14.40,EA
BRK-0102,EA,EA,7.40,EA
BRK-0103,EA,EA,7.35,EA
BRK-0104,EA,EA,26.25,EA
BRK-0105,EA,EA,27.45,EA
BRK-0106,EA,EA,3.65,EA
BRK-0107,EA,EA,4.30,EA
BRK-0108,EA,EA,30.55,EA
BRK-0109,EA,EA,30.65,EA
BRK-0110,EA,EA,7.50,EA
BRK-0111,EA,EA,4.30,EA
BRK-0112,EA,EA,3.70,EA
BRK-0113,EA,EA,32.35,EA
BRK-0114,EA,EA,33.15,EA
BRK-0115,EA,EA,11.35,EA
BRK-0116,EA,EA,33.00,EA
BRK-0117,EA,EA,33.45,EA
BRK-0118,EA,EA,25.35,EA
BRK-0119,EA,EA,25.70,EA
BRK-0120,EA,EA,28.70,EA
BRK-0121,EA,EA,29.10,EA
BRK-0122,EA,EA,31.35,EA
BRK-0123,EA,EA,33.00,EA
BRK-0124,EA,EA,25.40,EA
BRK-0125,EA,EA,28.65,EA
BRK-0126,EA,EA,31.40,EA
BRK-0127,EA,EA,4.25,EA
BRK-0128,EA,EA,18.95,EA
BRK-0129,EA,EA,29.60,EA
BRK-0130,EA,EA,24.60,EA
BRK-0131,EA,EA,20.50,EA
BRK-0132,EA,EA,33.30,EA
BRK-0133,EA,EA,29.45,EA
BRK-0134,EA,EA,7.45,EA
BRK-0135,EA,EA,21.25,EA
BRK-0136,EA,EA,29.70,EA
BRK-0137,EA,EA,28.20,EA
BRK-0138,EA,EA,23.00,EA
BRK-0139,EA,EA,25.25,EA
BRK-0140,EA,EA,14.80,EA
BRK-0141,EA,EA,27.75,EA
BRK-0142,EA,EA,6.80,EA
BRK-0143,EA,EA,7.35,EA
BRK-0144,EA,EA,7.55,EA
BRK-0145,EA,EA,15.80,EA
BRK-0146,EA,EA,15.55,EA
BRK-0147,EA,EA,15.85,EA
BRK-0148,EA,EA,16.00,EA
BRK-0149,EA,EA,23.85,EA
BRK-0150,EA,EA,26.75,EA
BRK-0151,EA,EA,4.30,EA
BRK-0152,EA,EA,23.80,EA
BRK-0153,EA,EA,23.90,EA
BRK-0154,EA,EA,5.85,EA
BRK-0155,EA,EA,4.30,EA
BRK-0156,EA,EA,12.10,EA
BRK-0157,EA,EA,23.55,EA
BRK-0158,EA,EA,23.90,EA
BRK-0159,EA,EA,8.90,EA
BRK-0160,EA,EA,31.75,EA
BRK-0161,EA,EA,32.60,EA
BRK-0162,EA,EA,31.80,EA
BRK-0163,EA,EA,31.75,EA
BRK-0164,EA,EA,32.60,EA
BRK-0165,EA,EA,31.70,EA
BRK-0166,EA,EA,29.15,EA
BRK-0167,EA,EA,27.10,EA
BRK-0168,EA,EA,25.00,EA
BRK-0169,EA,EA,22.50,EA
BRK-0170,EA,EA,21.20,EA
BRK-0171,EA,EA,18.75,EA
BRK-0172,EA,EA,17.05,EA
BRK-0173,EA,EA,27.45,EA
BRK-0174,EA,EA,9.10,EA
BRK-0175,EA,EA,19.10,EA
BRK-0176,EA,EA,29.50,EA
BRK-0177,EA,EA,22.85,EA
BRK-0178,EA,EA,5.10,EA
BRK-0179,EA,EA,16.65,EA
BRK-0180,EA,EA,18.75,EA
BRK-0181,EA,EA,21.20,EA
BRK-0182,EA,EA,22.90,EA
BRK-0183,EA,EA,25.00,EA
BRK-0184,EA,EA,27.55,EA
BRK-0185,EA,EA,28.80,EA
BRK-0186,EA,EA,15.70,EA
BRK-0187,EA,EA,25.50,EA
BRK-0188,EA,EA,15.85,EA
BRK-0189,EA,EA,14.35,EA
BRK-0190,EA,EA,32.00,EA
BRK-0191,EA,EA,25.95,EA
BRK-0192,EA,EA,15.55,EA
BRK-0193,EA,EA,22.45,EA
BRK-0194,EA,EA,22.95,EA
BRK-0195,EA,EA,25.80,EA
BRK-0196,EA,EA,22.90,EA
BRK-0197,EA,EA,28.10,EA
BRK-0198,EA,EA,4.35,EA
BRK-0199,EA,EA,16.15,EA
BRK-0200,EA,EA,30.10,EA
BRK-0201,EA,EA,18.95,EA
BRK-0202,EA,EA,31.65,EA
BRK-0203,EA,EA,7.80,EA
BRK-0204,EA,EA,33.05,EA
BRK-0205,EA,EA,24.60,EA
BRK-0206,EA,EA,25.20,EA
BRK-0207,EA,EA,16.60,EA
BRK-0208,EA,EA,7.80,EA
BRK-0209,EA,EA,59.80,EA
BRK-0210,EA,EA,24.65,EA
BRK-0211,EA,EA,24.20,EA
BRK-0212,EA,EA,24.30,EA
BRK-0213,EA,EA,22.35,EA
ADH-0051,EA,EA,1.49,EA
404-LR-02_ROOF-02,EA,,,EA
404-LR-02_ROOF-03,EA,,,EA
,,,,
,,,,
,,,,
,,,,
,,,,
,,,,
,,,,
,,,,
,,,,
,,,,
,,,,
,,,,
,,,,
,,,,
,,,,
,,,,
,,,,
,,,,
,,,,
,,,,
,,,,
,,,,
,,,,
,,,,
,,,,
,,,,
,,,,
,,,,
,,,,
,,,,
,,,,
,,,,
,,,,
,,,,
,,,,
,,,,
,,,,
